Date,RU-JLN-h1,RU-JLN-h3,RU-JLN-h12
1960-07-01T00:00:00Z,0.670371680476541,0.767934333281169,0.869909903440989
1960-08-01T00:00:00Z,0.687635984859267,0.780322633122031,0.873863638776722
1960-09-01T00:00:00Z,0.697335819018292,0.787220103379461,0.877998361365045
1960-10-01T00:00:00Z,0.715737564506066,0.801183344373992,0.884426644670617
1960-11-01T00:00:00Z,0.758404299971287,0.827904008617214,0.892531181255682
1960-12-01T00:00:00Z,0.775963386767719,0.840971545871444,0.898243788174354
1961-01-01T00:00:00Z,0.751537355566656,0.828604024590379,0.895693519030147
1961-02-01T00:00:00Z,0.73945548959843,0.820350083489615,0.892435831476848
1961-03-01T00:00:00Z,0.753281943636349,0.829014811957326,0.895047713285622
1961-04-01T00:00:00Z,0.768570805735058,0.835467932798869,0.89410841750072
1961-05-01T00:00:00Z,0.746070503966338,0.823088710758216,0.890700010554365
1961-06-01T00:00:00Z,0.729679271362597,0.813312613360607,0.887394638805883
1961-07-01T00:00:00Z,0.711734556777795,0.804988124176988,0.885962267903954
1961-08-01T00:00:00Z,0.706745732251782,0.804620582269217,0.88761424126016
1961-09-01T00:00:00Z,0.722126969823283,0.813672963440858,0.890127352460983
1961-10-01T00:00:00Z,0.725728735758097,0.813500738459704,0.889427818586827
1961-11-01T00:00:00Z,0.715706513268998,0.80499873701042,0.885798091650221
1961-12-01T00:00:00Z,0.693688949801794,0.79278979697833,0.882936425083558
1962-01-01T00:00:00Z,0.701112372128079,0.798495741368118,0.884665947864288
1962-02-01T00:00:00Z,0.692785691607649,0.796640771921151,0.883778323157134
1962-03-01T00:00:00Z,0.673624850533084,0.781448897523008,0.877262923531416
1962-04-01T00:00:00Z,0.67061789035342,0.77758413863864,0.874808816124723
1962-05-01T00:00:00Z,0.661590942428462,0.769028396838559,0.870768471070089
1962-06-01T00:00:00Z,0.647261983429355,0.757755125575035,0.865428602214848
1962-07-01T00:00:00Z,0.641662573575231,0.748945684647458,0.860319549695957
1962-08-01T00:00:00Z,0.630038535198386,0.737927103819285,0.8544652418928
1962-09-01T00:00:00Z,0.623028941206183,0.730609517821152,0.8504936957329
1962-10-01T00:00:00Z,0.621222858962858,0.727785439469245,0.848271254851614
1962-11-01T00:00:00Z,0.629066150419271,0.731583112576762,0.846904636185176
1962-12-01T00:00:00Z,0.637467920458146,0.73568194622685,0.846337154906814
1963-01-01T00:00:00Z,0.645274648655025,0.738306133550191,0.846104210468512
1963-02-01T00:00:00Z,0.638089603403022,0.73391969800376,0.845069941070569
1963-03-01T00:00:00Z,0.629260030555216,0.729553123905256,0.845350424636544
1963-04-01T00:00:00Z,0.639331368640987,0.73609165602604,0.847856718359068
1963-05-01T00:00:00Z,0.637979032634658,0.734051366573727,0.847194710474517
1963-06-01T00:00:00Z,0.627267926187978,0.729023422335702,0.846878473234821
1963-07-01T00:00:00Z,0.623288659200578,0.727910444798032,0.847520328646371
1963-08-01T00:00:00Z,0.623706859712207,0.729832167392496,0.848732724580192
1963-09-01T00:00:00Z,0.625929826769398,0.733288436473672,0.852039370047645
1963-10-01T00:00:00Z,0.62475430691506,0.735122403835059,0.855857512418848
1963-11-01T00:00:00Z,0.633917327609459,0.744932578495122,0.861303183144872
1963-12-01T00:00:00Z,0.651515610310196,0.756504639288029,0.864585129676513
1964-01-01T00:00:00Z,0.668075802103297,0.767197220006562,0.869234507291027
1964-02-01T00:00:00Z,0.667710601709245,0.768150773362795,0.870991727919292
1964-03-01T00:00:00Z,0.666315416073911,0.765364211115593,0.871606506063353
1964-04-01T00:00:00Z,0.686804326830585,0.775349279252352,0.874706229432711
1964-05-01T00:00:00Z,0.662853968882839,0.764045243815047,0.874559203531247
1964-06-01T00:00:00Z,0.65613974637165,0.763776535061314,0.877578794938922
1964-07-01T00:00:00Z,0.665330214698065,0.774746447576895,0.884532139040165
1964-08-01T00:00:00Z,0.687301275712344,0.7929856153542,0.892819088161537
1964-09-01T00:00:00Z,0.72278427786446,0.821490803741343,0.905130974509197
1964-10-01T00:00:00Z,0.789694107447914,0.867130502583465,0.921779807026422
1964-11-01T00:00:00Z,0.805654981696192,0.879101815748567,0.928739119693033
1964-12-01T00:00:00Z,0.755243754611297,0.84368762761669,0.913357444274672
1965-01-01T00:00:00Z,0.712076753985908,0.813593189247291,0.901273033114522
1965-02-01T00:00:00Z,0.681405150378357,0.79312639912445,0.892148358963379
1965-03-01T00:00:00Z,0.667426877349187,0.780533508895538,0.885645830798701
1965-04-01T00:00:00Z,0.658021380652543,0.770733943548944,0.879702120326909
1965-05-01T00:00:00Z,0.644385387976465,0.759218081419443,0.874315848052556
1965-06-01T00:00:00Z,0.635223696696237,0.753460373366277,0.871831658873513
1965-07-01T00:00:00Z,0.644946082124822,0.758338088832069,0.871948000527943
1965-08-01T00:00:00Z,0.642168050824897,0.75253306168346,0.86868362351026
1965-09-01T00:00:00Z,0.655002250974145,0.756489902359491,0.86777947930569
1965-10-01T00:00:00Z,0.646675536211672,0.751494426552091,0.867594697891352
1965-11-01T00:00:00Z,0.641836813126097,0.749705715230294,0.868552168427704
1965-12-01T00:00:00Z,0.644716383069027,0.753477671476612,0.871510828048379
1966-01-01T00:00:00Z,0.641156229974393,0.752416052566555,0.871474435201529
1966-02-01T00:00:00Z,0.650334650841364,0.761427356594968,0.875571545401454
1966-03-01T00:00:00Z,0.659880132188315,0.768009031245745,0.878455986349604
1966-04-01T00:00:00Z,0.670784310114698,0.773911564940651,0.878810369498857
1966-05-01T00:00:00Z,0.673689946978722,0.775878738657876,0.878887847043965
1966-06-01T00:00:00Z,0.660079321594941,0.767985583165682,0.876558894966398
1966-07-01T00:00:00Z,0.653597000155024,0.76159051090821706,0.873034923280537
1966-08-01T00:00:00Z,0.654237052995992,0.759511944719338,0.870971886499805
1966-09-01T00:00:00Z,0.661827888421975,0.763565719774388,0.87107501374993
1966-10-01T00:00:00Z,0.668783476591287,0.766748259763144,0.871726380792605
1966-11-01T00:00:00Z,0.677439725836817,0.772609090563298,0.874196645950623
1966-12-01T00:00:00Z,0.674696502480436,0.772348520622838,0.87584912640237
1967-01-01T00:00:00Z,0.684999568297445,0.780548741896727,0.879893934683627
1967-02-01T00:00:00Z,0.695625649436046,0.786207341053112,0.882221892072892
1967-03-01T00:00:00Z,0.686525148765653,0.778939998710739,0.879042860259775
1967-04-01T00:00:00Z,0.690719473583771,0.780101260973229,0.877514857792036
1967-05-01T00:00:00Z,0.688659625059871,0.779749059879187,0.877545132134409
1967-06-01T00:00:00Z,0.684606642610131,0.782743956915829,0.880976206114144
1967-07-01T00:00:00Z,0.694239443288379,0.792459012072713,0.886340806110105
1967-08-01T00:00:00Z,0.71928370723169,0.81131070389543,0.894852777156942
1967-09-01T00:00:00Z,0.716755425280259,0.81281163340297,0.89740193393004
1967-10-01T00:00:00Z,0.721137003417465,0.816613634223003,0.899978149778862
1967-11-01T00:00:00Z,0.743528510033893,0.83395318051888,0.907746125017802
1967-12-01T00:00:00Z,0.741354722077386,0.834701201665576,0.908315777016321
1968-01-01T00:00:00Z,0.759847821292876,0.850661710870091,0.913930280515029
1968-02-01T00:00:00Z,0.737108228737897,0.834923274659516,0.907198691475594
1968-03-01T00:00:00Z,0.711450197819744,0.812738848887963,0.897049409618858
1968-04-01T00:00:00Z,0.710658038364287,0.807231461947402,0.891490367014765
1968-05-01T00:00:00Z,0.703637192401899,0.799191241519013,0.887011049889072
1968-06-01T00:00:00Z,0.688758970656529,0.790725897134737,0.884389673005125
1968-07-01T00:00:00Z,0.678517961452446,0.781426607440174,0.880459829102824
1968-08-01T00:00:00Z,0.676494205856969,0.778339467036237,0.878480987058193
1968-09-01T00:00:00Z,0.668352350127051,0.773243487183287,0.876532244616404
1968-10-01T00:00:00Z,0.67491035313984,0.774805043346408,0.876015347968721
1968-11-01T00:00:00Z,0.675517508931419,0.774150016817423,0.875578264142508
1968-12-01T00:00:00Z,0.657400576714905,0.76349491829793,0.872047184568014
1969-01-01T00:00:00Z,0.650438664379459,0.758516475309863,0.869563232976775
1969-02-01T00:00:00Z,0.654206954230457,0.760634714762937,0.869673702012202
1969-03-01T00:00:00Z,0.652833995312568,0.759869680373378,0.869789364693842
1969-04-01T00:00:00Z,0.661590701394459,0.764835912046157,0.872504675285757
1969-05-01T00:00:00Z,0.665884127386999,0.768227762813877,0.874818761117799
1969-06-01T00:00:00Z,0.668841568669845,0.773347972801016,0.879482044575875
1969-07-01T00:00:00Z,0.673807347559804,0.77847096225745,0.88182536269157
1969-08-01T00:00:00Z,0.6750405196327,0.779044295744909,0.883934025857168
1969-09-01T00:00:00Z,0.682804728893329,0.783806509476505,0.887960060643575
1969-10-01T00:00:00Z,0.685236248844624,0.786344805213651,0.890041004774743
1969-11-01T00:00:00Z,0.70881483670542,0.80110582400878,0.895813956460869
1969-12-01T00:00:00Z,0.707775653066132,0.80427061449821,0.900978573549961
1970-01-01T00:00:00Z,0.736273650611975,0.824525721747157,0.910293491716291
1970-02-01T00:00:00Z,0.712336599774086,0.814084800380928,0.907220103921459
1970-03-01T00:00:00Z,0.711489734386478,0.814689612860694,0.906549044363743
1970-04-01T00:00:00Z,0.724867350955414,0.824223900421394,0.90796684208579
1970-05-01T00:00:00Z,0.723230284112124,0.827404727830531,0.910279070221908
1970-06-01T00:00:00Z,0.716892340549568,0.8229792718876,0.909092580607917
1970-07-01T00:00:00Z,0.719575338505041,0.827360976829646,0.912636018637286
1970-08-01T00:00:00Z,0.741481459208983,0.841876780406522,0.917308751899505
1970-09-01T00:00:00Z,0.775036312395462,0.863994041658264,0.924284375436057
1970-10-01T00:00:00Z,0.827497003833435,0.90086749063514,0.936571125903975
1970-11-01T00:00:00Z,0.821318917340848,0.900348953141322,0.938219877906059
1970-12-01T00:00:00Z,0.855830884552665,0.922073724217171,0.945705877008039
1971-01-01T00:00:00Z,0.789760487041789,0.876989864706255,0.92842304406956
1971-02-01T00:00:00Z,0.728669826462553,0.835169904054805,0.914203997425229
1971-03-01T00:00:00Z,0.689618811639571,0.804763840750999,0.902908217576915
1971-04-01T00:00:00Z,0.674471688310323,0.791793503149427,0.897513507376985
1971-05-01T00:00:00Z,0.67429673980089,0.786745620845057,0.892143058123009
1971-06-01T00:00:00Z,0.685477856272181,0.787766606729546,0.888034299311224
1971-07-01T00:00:00Z,0.692447881441739,0.787317397242409,0.884889287943207
1971-08-01T00:00:00Z,0.685276602085523,0.780674398643122,0.882318820932662
1971-09-01T00:00:00Z,0.680417979066107,0.77937368724889,0.883142205933823
1971-10-01T00:00:00Z,0.66552451419547,0.770694691652847,0.879557621587191
1971-11-01T00:00:00Z,0.661434208063336,0.770454296828768,0.87985111542496
1971-12-01T00:00:00Z,0.676391624864883,0.781582797466076,0.883842262776635
1972-01-01T00:00:00Z,0.690104691489861,0.789478113762882,0.887371878883169
1972-02-01T00:00:00Z,0.658920324814969,0.769990505905778,0.881732602650397
1972-03-01T00:00:00Z,0.640610581222226,0.7569421691156,0.877741756626897
1972-04-01T00:00:00Z,0.635470420484052,0.750813865638074,0.874984920052518
1972-05-01T00:00:00Z,0.637274249486409,0.754599632803533,0.876877422264996
1972-06-01T00:00:00Z,0.647316620283094,0.765251280071612,0.882189098171174
1972-07-01T00:00:00Z,0.673054359777484,0.784930916188396,0.890319097734797
1972-08-01T00:00:00Z,0.68782753150115,0.797186107974665,0.896762828376472
1972-09-01T00:00:00Z,0.678990908569742,0.789369987595616,0.893840936662729
1972-10-01T00:00:00Z,0.690489826238336,0.794642564844376,0.894342323126722
1972-11-01T00:00:00Z,0.681684258283889,0.78915927244339,0.891738029163699
1972-12-01T00:00:00Z,0.676796950709866,0.787977902229818,0.892224658088876
1973-01-01T00:00:00Z,0.672165703487571,0.786028589294725,0.892230694501777
1973-02-01T00:00:00Z,0.672641903434333,0.788219278901344,0.894935287676097
1973-03-01T00:00:00Z,0.659678152530513,0.779760390773001,0.893956287495276
1973-04-01T00:00:00Z,0.653481267371097,0.77319258015232,0.892618932290035
1973-05-01T00:00:00Z,0.637789403771544,0.76346952692987,0.889841864570919
1973-06-01T00:00:00Z,0.641489102591918,0.768758295886917,0.891896074169566
1973-07-01T00:00:00Z,0.655138647545906,0.782644640896183,0.897624667680452
1973-08-01T00:00:00Z,0.672914856204973,0.796459859512681,0.903703859648166
1973-09-01T00:00:00Z,0.687477103812939,0.807421554789084,0.909100426574488
1973-10-01T00:00:00Z,0.709377784671539,0.819064141210546,0.914137732364302
1973-11-01T00:00:00Z,0.707651419968174,0.818066173833582,0.916329287875911
1973-12-01T00:00:00Z,0.718864793667141,0.823820048951625,0.919044499947102
1974-01-01T00:00:00Z,0.727917659617487,0.826150313705108,0.917696343146696
1974-02-01T00:00:00Z,0.712422973348797,0.818377435914698,0.917090383887144
1974-03-01T00:00:00Z,0.710967646807966,0.82139642169818206,0.920602025017141
1974-04-01T00:00:00Z,0.72732753560987,0.832933603570273,0.925407016891638
1974-05-01T00:00:00Z,0.716857367209651,0.835112867739559,0.930239491013784
1974-06-01T00:00:00Z,0.707873299775965,0.834602513506032,0.933729140890143
1974-07-01T00:00:00Z,0.720300362380025,0.844956189868178,0.938827506388115
1974-08-01T00:00:00Z,0.751185570551344,0.8666521575209,0.946754988810286
1974-09-01T00:00:00Z,0.775661522583935,0.890438232618735,0.959110109477878
1974-10-01T00:00:00Z,0.809646644574881,0.917231742792616,0.970136156950657
1974-11-01T00:00:00Z,0.884061026478601,0.970274640764557,0.987099611041056
1974-12-01T00:00:00Z,0.911124712578967,0.985945094780573,0.988798474300776
1975-01-01T00:00:00Z,0.856159996243479,0.947693676253765,0.97389498363729
1975-02-01T00:00:00Z,0.82718195851248,0.924223902477547,0.963742997063425
1975-03-01T00:00:00Z,0.80344441733856,0.906232286631608,0.956974708495774
1975-04-01T00:00:00Z,0.794023094380344,0.894568012073576,0.952736398726214
1975-05-01T00:00:00Z,0.780150419118286,0.877298879140195,0.942578764804248
1975-06-01T00:00:00Z,0.771737503823168,0.862882909028434,0.933514045866369
1975-07-01T00:00:00Z,0.770667751342022,0.856785433784925,0.928489953503423
1975-08-01T00:00:00Z,0.738763333740387,0.835337389377426,0.918678551958565
1975-09-01T00:00:00Z,0.708646655590935,0.812738040141128,0.909348380211879
1975-10-01T00:00:00Z,0.682471580279512,0.795148731884702,0.902942904352681
1975-11-01T00:00:00Z,0.668505041034981,0.78387729357824,0.8989802537045
1975-12-01T00:00:00Z,0.681542908340298,0.79029679888052,0.900181140107546
1976-01-01T00:00:00Z,0.692691412675826,0.795444996642468,0.899919870002502
1976-02-01T00:00:00Z,0.677510282015551,0.78239411656977,0.891948132166969
1976-03-01T00:00:00Z,0.663012911974297,0.771578157128841,0.886647347953463
1976-04-01T00:00:00Z,0.662330572468161,0.76963490038795,0.88386562545683
1976-05-01T00:00:00Z,0.661179957639841,0.769282094896451,0.883031869997607
1976-06-01T00:00:00Z,0.654698509611589,0.764847307024601,0.880622409846782
1976-07-01T00:00:00Z,0.645411976987709,0.757083151564207,0.877399936191626
1976-08-01T00:00:00Z,0.648543044100967,0.757665685128338,0.876458710330886
1976-09-01T00:00:00Z,0.658199574945933,0.764667539553873,0.879082161147748
1976-10-01T00:00:00Z,0.665515640106936,0.772022821922315,0.882027185095819
1976-11-01T00:00:00Z,0.683124688942751,0.781188830357095,0.884961335319105
1976-12-01T00:00:00Z,0.676834628172082,0.776929195456081,0.883997273513166
1977-01-01T00:00:00Z,0.686722465351548,0.781972313371591,0.885213208197245
1977-02-01T00:00:00Z,0.680257363238177,0.778041207349291,0.885325084941995
1977-03-01T00:00:00Z,0.665876670740365,0.767057680746103,0.881161027826166
1977-04-01T00:00:00Z,0.631038435518878,0.741332071030997,0.870185514714849
1977-05-01T00:00:00Z,0.616934598922246,0.728569395294405,0.863654254218645
1977-06-01T00:00:00Z,0.611882521830889,0.724064049088828,0.86088257104471
1977-07-01T00:00:00Z,0.60984703261822,0.721763693913659,0.860025311791756
1977-08-01T00:00:00Z,0.606179711779412,0.720131314390551,0.8607221794237
1977-09-01T00:00:00Z,0.616275536019927,0.727513730911629,0.864276501897361
1977-10-01T00:00:00Z,0.623564279246784,0.734412281185314,0.868605153028747
1977-11-01T00:00:00Z,0.639681679094905,0.747774153904154,0.875712166120865
1977-12-01T00:00:00Z,0.672374830704493,0.773251671751002,0.887812809007646
1978-01-01T00:00:00Z,0.724028088937663,0.809393864408706,0.903332708053954
1978-02-01T00:00:00Z,0.715467974542231,0.809859576141966,0.908344086863301
1978-03-01T00:00:00Z,0.72710299222030494,0.818834675088249,0.911941595819246
1978-04-01T00:00:00Z,0.709411767246255,0.80980575819917,0.910768617879884
1978-05-01T00:00:00Z,0.671062086040297,0.786242315979783,0.904044147767738
1978-06-01T00:00:00Z,0.651521259054363,0.772219292007237,0.899753778005681
1978-07-01T00:00:00Z,0.64578565031067,0.767667186361901,0.898082546907803
1978-08-01T00:00:00Z,0.628624694234674,0.755369300286713,0.894455894531685
1978-09-01T00:00:00Z,0.627766235167709,0.754009123940791,0.894529243391434
1978-10-01T00:00:00Z,0.627640063561346,0.757794378341573,0.898447195557003
1978-11-01T00:00:00Z,0.636377550756872,0.764803445812131,0.902340162671216
1978-12-01T00:00:00Z,0.645435380907104,0.772988810894508,0.907194361759662
1979-01-01T00:00:00Z,0.669649038842501,0.792414980970103,0.916316225797777
1979-02-01T00:00:00Z,0.683741413154659,0.804831534319667,0.921548412737678
1979-03-01T00:00:00Z,0.71759208550876,0.830284870594511,0.93265543407394
1979-04-01T00:00:00Z,0.7793382735514,0.865165391053108,0.944532327548882
1979-05-01T00:00:00Z,0.755892969275035,0.854110449058317,0.943624612761266
1979-06-01T00:00:00Z,0.721468362565286,0.832442293627731,0.936286298919671
1979-07-01T00:00:00Z,0.717417938022546,0.828340032828113,0.933853668257132
1979-08-01T00:00:00Z,0.726028731330648,0.833448586830507,0.935886951198902
1979-09-01T00:00:00Z,0.722603957329651,0.834623708718522,0.939830012607808
1979-10-01T00:00:00Z,0.712754808750396,0.834452013577091,0.944704738732149
1979-11-01T00:00:00Z,0.713238656420845,0.839301947982713,0.950605125750749
1979-12-01T00:00:00Z,0.717607044038595,0.848386086840285,0.957955313911872
1980-01-01T00:00:00Z,0.747934385943896,0.874629349059949,0.970034503477903
1980-02-01T00:00:00Z,0.781554758572469,0.905502334836055,0.986818350212011
1980-03-01T00:00:00Z,0.838661792081748,0.951392490754333,1.00872334352061
1980-04-01T00:00:00Z,0.898602796487701,1.00549674200906,1.03424752615475
1980-05-01T00:00:00Z,0.864532524233021,0.987420535795231,1.03043205905632
1980-06-01T00:00:00Z,0.823395753534446,0.957540833902868,1.01947330365159
1980-07-01T00:00:00Z,0.817559417129272,0.945430333776042,1.01207290775125
1980-08-01T00:00:00Z,0.81275609042004,0.93636410526079,1.00660710070907
1980-09-01T00:00:00Z,0.786861843630491,0.908214084693095,0.991392366801248
1980-10-01T00:00:00Z,0.765488643229802,0.885139795758181,0.978591820651572
1980-11-01T00:00:00Z,0.741726416232525,0.866002800429411,0.969865815531892
1980-12-01T00:00:00Z,0.733104070998102,0.859334133139081,0.966797630191791
1981-01-01T00:00:00Z,0.722723238568059,0.852810021208802,0.965606893916972
1981-02-01T00:00:00Z,0.704398230738551,0.836869172817191,0.957996161821487
1981-03-01T00:00:00Z,0.686593099889685,0.823744123626764,0.952925566179909
1981-04-01T00:00:00Z,0.688922163512807,0.824059782972938,0.952635624014588
1981-05-01T00:00:00Z,0.687725680454122,0.824649617585693,0.95403910214985
1981-06-01T00:00:00Z,0.693523582478247,0.831759822993621,0.958446077059248
1981-07-01T00:00:00Z,0.695207636854207,0.833212625833003,0.957621165827408
1981-08-01T00:00:00Z,0.69495256961502,0.835544537323847,0.958926149174243
1981-09-01T00:00:00Z,0.712900005557902,0.850557175207063,0.965250416988661
1981-10-01T00:00:00Z,0.717824789496553,0.859271884835422,0.970431173410447
1981-11-01T00:00:00Z,0.719408318898946,0.865141880272899,0.972578346802256
1981-12-01T00:00:00Z,0.738648965774489,0.875330139200227,0.971082962731487
1982-01-01T00:00:00Z,0.785439456705586,0.90418380064697,0.976460335772222
1982-02-01T00:00:00Z,0.796334553003902,0.911315155204354,0.976614664418679
1982-03-01T00:00:00Z,0.738015097192703,0.8746712816777,0.964720101447825
1982-04-01T00:00:00Z,0.708826852501691,0.845705572423489,0.950103673815728
1982-05-01T00:00:00Z,0.699002256483279,0.832099230647496,0.941653982883879
1982-06-01T00:00:00Z,0.689068437387009,0.822300887015699,0.936271678570187
1982-07-01T00:00:00Z,0.682888027922042,0.81633208731482,0.932664203184316
1982-08-01T00:00:00Z,0.670119918952055,0.80938919103583,0.930026933338853
1982-09-01T00:00:00Z,0.663956682591531,0.802264331491509,0.924731702703515
1982-10-01T00:00:00Z,0.667025896711607,0.80327796653249,0.924185118176112
1982-11-01T00:00:00Z,0.671934825419282,0.801665315353236,0.921182569273973
1982-12-01T00:00:00Z,0.698079893914659,0.814595793019556,0.921965239346906
1983-01-01T00:00:00Z,0.738544349150661,0.837673159654494,0.92738565717651
1983-02-01T00:00:00Z,0.717238730392383,0.823850183708978,0.921448009811721
1983-03-01T00:00:00Z,0.697281460537894,0.808213077115685,0.914975407487775
1983-04-01T00:00:00Z,0.68852991468748,0.799637931745725,0.910864019042285
1983-05-01T00:00:00Z,0.676542114257355,0.791683944606719,0.90784330959207
1983-06-01T00:00:00Z,0.679606950178926,0.792274284081715,0.907474148708711
1983-07-01T00:00:00Z,0.686583893685311,0.794382765601704,0.905952216315187
1983-08-01T00:00:00Z,0.688851094508397,0.794269099969562,0.904089401624017
1983-09-01T00:00:00Z,0.700898756587049,0.799086269927986,0.90329601134718
1983-10-01T00:00:00Z,0.675258897216765,0.778916822298077,0.892837747509301
1983-11-01T00:00:00Z,0.648331477484214,0.758745164337126,0.884408777463095
1983-12-01T00:00:00Z,0.647775265762837,0.755215783073679,0.880709094566096
1984-01-01T00:00:00Z,0.652722005719399,0.757074641128686,0.880021357271604
1984-02-01T00:00:00Z,0.633248977316008,0.744374953204733,0.876258450513325
1984-03-01T00:00:00Z,0.606236092533405,0.723436351393376,0.868568822977012
1984-04-01T00:00:00Z,0.590394035823485,0.709775157604353,0.861445808800939
1984-05-01T00:00:00Z,0.584804664487981,0.705018208705952,0.858969073240904
1984-06-01T00:00:00Z,0.582431915010909,0.703514790947293,0.858564550540642
1984-07-01T00:00:00Z,0.579819400831377,0.702020893249174,0.858679393113923
1984-08-01T00:00:00Z,0.581805904304889,0.70286877528117,0.858163213428471
1984-09-01T00:00:00Z,0.587714641690478,0.703404552520444,0.85553274850527
1984-10-01T00:00:00Z,0.59401914636431,0.705976223668197,0.855393104772514
1984-11-01T00:00:00Z,0.591950188488303,0.705210084152929,0.855834506506037
1984-12-01T00:00:00Z,0.592324482798181,0.706107457349027,0.855576278236309
1985-01-01T00:00:00Z,0.590539728168885,0.706798189184434,0.857374269750853
1985-02-01T00:00:00Z,0.585708986043807,0.706125245992741,0.860876106492618
1985-03-01T00:00:00Z,0.590653979351636,0.711175972260838,0.86488185445444
1985-04-01T00:00:00Z,0.596168339151339,0.714834467039868,0.86693807494881
1985-05-01T00:00:00Z,0.578107162726038,0.702964030253974,0.862705336610881
1985-06-01T00:00:00Z,0.573765713974441,0.698586448712929,0.859706810822093
1985-07-01T00:00:00Z,0.580419016869218,0.701660461328495,0.858625662407206
1985-08-01T00:00:00Z,0.578247765468481,0.702753775155377,0.859982660192899
1985-09-01T00:00:00Z,0.582597742325124,0.706471565711026,0.860544998921202
1985-10-01T00:00:00Z,0.586258030269802,0.70976522615918,0.861811585286763
1985-11-01T00:00:00Z,0.591798381131825,0.713466021206594,0.8627881103256
1985-12-01T00:00:00Z,0.604520105144809,0.721949370458774,0.865326540572227
1986-01-01T00:00:00Z,0.617821454402342,0.731483976328388,0.868121566820562
1986-02-01T00:00:00Z,0.63276792436617,0.742224154172079,0.872264518118869
1986-03-01T00:00:00Z,0.630783933984627,0.739769565132903,0.86833291876127
1986-04-01T00:00:00Z,0.619868797383863,0.733910328391769,0.866644206141385
1986-05-01T00:00:00Z,0.618732573402893,0.733185969807679,0.865760605413641
1986-06-01T00:00:00Z,0.623147542430661,0.734870246189555,0.86517707190063
1986-07-01T00:00:00Z,0.616868678822083,0.729983999748753,0.863125404438328
1986-08-01T00:00:00Z,0.610032372325719,0.725249780151403,0.861224520213664
1986-09-01T00:00:00Z,0.615919599828852,0.730852873874593,0.863550542673053
1986-10-01T00:00:00Z,0.613579208462579,0.73045800221468,0.864400480676388
1986-11-01T00:00:00Z,0.614364842770127,0.732590482876095,0.866807127004453
1986-12-01T00:00:00Z,0.631513394269299,0.746274172141173,0.873654846933882
1987-01-01T00:00:00Z,0.643255916466724,0.7572775348354,0.878824910181951
1987-02-01T00:00:00Z,0.634534074107789,0.750851864454163,0.877842709824172
1987-03-01T00:00:00Z,0.614608502673195,0.733920617190841,0.870212380397088
1987-04-01T00:00:00Z,0.610341272440473,0.726663263419744,0.865596635554627
1987-05-01T00:00:00Z,0.594633443525178,0.715787810110232,0.861937663098326
1987-06-01T00:00:00Z,0.583938007329065,0.709956413936499,0.860454566600844
1987-07-01T00:00:00Z,0.586105655135292,0.712992902525833,0.861470200780034
1987-08-01T00:00:00Z,0.593080034938874,0.718271823407911,0.862824258326028
1987-09-01T00:00:00Z,0.603816928077173,0.725250094833837,0.8648798019504
1987-10-01T00:00:00Z,0.621935294986269,0.738320006273015,0.869638038459234
1987-11-01T00:00:00Z,0.606793597119198,0.732000706552186,0.871910396079948
1987-12-01T00:00:00Z,0.611455595065853,0.734178735752666,0.873908925335583
1988-01-01T00:00:00Z,0.613168322387784,0.736945049000589,0.876918050679719
1988-02-01T00:00:00Z,0.598989255064237,0.72591804952456,0.873734595467148
1988-03-01T00:00:00Z,0.583963157152238,0.713631244308907,0.869215527064639
1988-04-01T00:00:00Z,0.577704380717782,0.706781113260756,0.86621152293276
1988-05-01T00:00:00Z,0.574380085563556,0.702158086871859,0.863297422218429
1988-06-01T00:00:00Z,0.571491566926458,0.699391088815965,0.860926641833795
1988-07-01T00:00:00Z,0.576069794147522,0.699358554981099,0.857663207394391
1988-08-01T00:00:00Z,0.5767241810319,0.698233332871341,0.85554155005876
1988-09-01T00:00:00Z,0.579311117715019,0.698726869909618,0.8538916203492
1988-10-01T00:00:00Z,0.579021242614697,0.699040391356537,0.854214618430235
1988-11-01T00:00:00Z,0.576974518959358,0.697679736484621,0.853245522529775
1988-12-01T00:00:00Z,0.58636161632583494,0.704161485313102,0.855576079276771
1989-01-01T00:00:00Z,0.598535657855845,0.712084740503434,0.858141905413661
1989-02-01T00:00:00Z,0.614858751825765,0.723279557294422,0.862625973689436
1989-03-01T00:00:00Z,0.616258147484183,0.725723068089007,0.865274354545139
1989-04-01T00:00:00Z,0.61812122790319,0.728952808751981,0.868513581901881
1989-05-01T00:00:00Z,0.630520239639472,0.737147836306579,0.872729346257349
1989-06-01T00:00:00Z,0.621968507365851,0.732871982645006,0.872840931850306
1989-07-01T00:00:00Z,0.632685725353087,0.73893368842487706,0.874537404149286
1989-08-01T00:00:00Z,0.6384353439672,0.744704600746071,0.877228702453266
1989-09-01T00:00:00Z,0.623314744459218,0.735900583863098,0.874004700019111
1989-10-01T00:00:00Z,0.623641997000881,0.7356366809068,0.872397582136244
1989-11-01T00:00:00Z,0.633109015151393,0.742545858259695,0.874311235201459
1989-12-01T00:00:00Z,0.66497206969277,0.762967444117304,0.879796887176917
1990-01-01T00:00:00Z,0.701597553905818,0.7855975602366,0.886721850042995
1990-02-01T00:00:00Z,0.680834173404134,0.780101334367575,0.889085692889442
1990-03-01T00:00:00Z,0.662404821922005,0.768604997741085,0.884779212848607
1990-04-01T00:00:00Z,0.657211286502335,0.765277497772235,0.884110133052568
1990-05-01T00:00:00Z,0.644710513216342,0.754261313534493,0.878431937637551
1990-06-01T00:00:00Z,0.631828367378153,0.746108648134977,0.876535923556658
1990-07-01T00:00:00Z,0.63335208756509,0.749125732683631,0.878834245100684
1990-08-01T00:00:00Z,0.644366035709145,0.757357322335395,0.881466263074928
1990-09-01T00:00:00Z,0.637794706769079,0.754413121828791,0.883052189907777
1990-10-01T00:00:00Z,0.652614303701919,0.763525377860618,0.887298521687586
1990-11-01T00:00:00Z,0.659238057421796,0.770470255039999,0.890745578366589
1990-12-01T00:00:00Z,0.650527689980924,0.765424871160438,0.888662794429873
1991-01-01T00:00:00Z,0.652816260504388,0.766250420268633,0.888061735110573
1991-02-01T00:00:00Z,0.639717323568997,0.755318469424151,0.882649317127093
1991-03-01T00:00:00Z,0.629656457792115,0.746006739794711,0.87726836779794
1991-04-01T00:00:00Z,0.632236748402569,0.743129486709448,0.872765118626842
1991-05-01T00:00:00Z,0.631018926572959,0.73879010737018,0.868305629164368
1991-06-01T00:00:00Z,0.629195091476847,0.734387145018072,0.864881634512786
1991-07-01T00:00:00Z,0.612977740548097,0.723649140476359,0.86118279646237506
1991-08-01T00:00:00Z,0.598891167528804,0.715343168043885,0.859510605667402
1991-09-01T00:00:00Z,0.598125290251553,0.71280920719383,0.857690783172366
1991-10-01T00:00:00Z,0.589199090893736,0.709098575416545,0.857922593942511
1991-11-01T00:00:00Z,0.583495130201572,0.706453571863126,0.857535307985363
1991-12-01T00:00:00Z,0.591855501552436,0.711843408651867,0.859196026177809
1992-01-01T00:00:00Z,0.59945016178794,0.71605223092481,0.859880603408818
1992-02-01T00:00:00Z,0.602508603586853,0.718234905582086,0.8604490179784
1992-03-01T00:00:00Z,0.590535067278893,0.708777807999834,0.857270808740114
1992-04-01T00:00:00Z,0.582082126362701,0.700655279909466,0.852644218209353
1992-05-01T00:00:00Z,0.577850101758497,0.695588905871616,0.847605336949695
1992-06-01T00:00:00Z,0.579748222295292,0.695780109875252,0.845198972529622
1992-07-01T00:00:00Z,0.58959876561322,0.699854943191579,0.843995064512522
1992-08-01T00:00:00Z,0.59428522495134,0.70256297889704,0.843889805240051
1992-09-01T00:00:00Z,0.601860917831689,0.706650339870054,0.843770122430439
1992-10-01T00:00:00Z,0.608086575877851,0.708953200329288,0.844635706323066
1992-11-01T00:00:00Z,0.597699163468421,0.700900929453259,0.842444048951372
1992-12-01T00:00:00Z,0.615863110578187,0.70531324645652,0.840941106983829
1993-01-01T00:00:00Z,0.617161055709601,0.705390475634783,0.840224634725178
1993-02-01T00:00:00Z,0.596623196933443,0.698636250868772,0.840785309219107
1993-03-01T00:00:00Z,0.592679120264482,0.698333820163752,0.843454035854995
1993-04-01T00:00:00Z,0.577505051721193,0.686818997544999,0.839011223747333
1993-05-01T00:00:00Z,0.564439055329923,0.67624224131235,0.833601795216979
1993-06-01T00:00:00Z,0.554564110984729,0.668343601009632,0.82972532711243
1993-07-01T00:00:00Z,0.547380567641788,0.662878369360802,0.827733406287721
1993-08-01T00:00:00Z,0.549726805423377,0.66347913628486,0.827275966795608
1993-09-01T00:00:00Z,0.560501197407871,0.669604543041993,0.828369503373517
1993-10-01T00:00:00Z,0.565149090025172,0.672995629026182,0.829759211194335
1993-11-01T00:00:00Z,0.564974436293588,0.674000017272712,0.83151109580997
1993-12-01T00:00:00Z,0.597377802782257,0.691642439179778,0.836665071887911
1994-01-01T00:00:00Z,0.603215209836909,0.699029704994865,0.840838629644639
1994-02-01T00:00:00Z,0.594860477090853,0.69911680986693,0.843383667051791
1994-03-01T00:00:00Z,0.586877173222969,0.696456139848948,0.845478815740634
1994-04-01T00:00:00Z,0.560742457105146,0.678028775268108,0.838512807803984
1994-05-01T00:00:00Z,0.546350203668713,0.666525570934625,0.83389638758081
1994-06-01T00:00:00Z,0.538455672341766,0.659810125184765,0.830580380205967
1994-07-01T00:00:00Z,0.533835268366407,0.657145085590728,0.829633218405979
1994-08-01T00:00:00Z,0.536300186271464,0.659553291427916,0.831049133521315
1994-09-01T00:00:00Z,0.537353049422937,0.659968675177996,0.831256005784436
1994-10-01T00:00:00Z,0.548833259237923,0.668251580305833,0.833926154196613
1994-11-01T00:00:00Z,0.54682721139017,0.669537326825875,0.835992860179951
1994-12-01T00:00:00Z,0.552112177085603,0.675402516536632,0.83962968219576
1995-01-01T00:00:00Z,0.560166187678521,0.683245387260825,0.84491783546513
1995-02-01T00:00:00Z,0.573630268612669,0.692811483117277,0.848877311809652
1995-03-01T00:00:00Z,0.57967265126298,0.695353927306548,0.849706754685143
1995-04-01T00:00:00Z,0.587685051430328,0.699114153912314,0.851284514465603
1995-05-01T00:00:00Z,0.586698500631131,0.701355905959492,0.85234661778178
1995-06-01T00:00:00Z,0.583335757258469,0.700636909041334,0.854237030607708
1995-07-01T00:00:00Z,0.589388735404556,0.705485704084451,0.856888289996303
1995-08-01T00:00:00Z,0.591970064901098,0.708122421638553,0.859236351606899
1995-09-01T00:00:00Z,0.580378362433344,0.702874253636774,0.858882077303437
1995-10-01T00:00:00Z,0.57957395822658,0.704706491914246,0.861008369400315
1995-11-01T00:00:00Z,0.584162055841551,0.710599061993311,0.864349911419723
1995-12-01T00:00:00Z,0.60837835683911,0.72885550990704,0.870749034742396
1996-01-01T00:00:00Z,0.646078216480773,0.754892903362568,0.879774277390054
1996-02-01T00:00:00Z,0.661516467502124,0.7635617433756,0.881279561991974
1996-03-01T00:00:00Z,0.634984096245205,0.744192258666188,0.872332445029076
1996-04-01T00:00:00Z,0.613174836484576,0.726776667238034,0.864512915286578
1996-05-01T00:00:00Z,0.589550748840747,0.708567576122746,0.857950688095732
1996-06-01T00:00:00Z,0.577710695290905,0.699875191136171,0.854855339157832
1996-07-01T00:00:00Z,0.570093502093884,0.694463843940815,0.852453663115414
1996-08-01T00:00:00Z,0.564316008312546,0.688594448439691,0.848779728455232
1996-09-01T00:00:00Z,0.559742781434049,0.683918493617834,0.846364243796676
1996-10-01T00:00:00Z,0.563250605961865,0.684338768531882,0.844647903665002
1996-11-01T00:00:00Z,0.559883285778381,0.68135266037624,0.842721460849466
1996-12-01T00:00:00Z,0.558873479736192,0.679725494054254,0.840990325078826
1997-01-01T00:00:00Z,0.561766076942768,0.681354478971919,0.840612862870357
1997-02-01T00:00:00Z,0.563661875837756,0.681763511833861,0.840956110637795
1997-03-01T00:00:00Z,0.55626152695935,0.676012118886317,0.838467313611177
1997-04-01T00:00:00Z,0.557333439920894,0.676163958528966,0.837852942981987
1997-05-01T00:00:00Z,0.551982218436615,0.672633170639248,0.836464139436603
1997-06-01T00:00:00Z,0.554440101160719,0.673156703319997,0.835998324452995
1997-07-01T00:00:00Z,0.563374466230514,0.680245966948019,0.837721166772921
1997-08-01T00:00:00Z,0.582371515300478,0.691853773688763,0.839901369627196
1997-09-01T00:00:00Z,0.579688875699784,0.691186127197712,0.841114501074447
1997-10-01T00:00:00Z,0.585101891221905,0.696651816411033,0.844513301654086
1997-11-01T00:00:00Z,0.588707899828609,0.700971484400466,0.848744002051123
1997-12-01T00:00:00Z,0.588989210662953,0.704080901401715,0.853383837210589
1998-01-01T00:00:00Z,0.589722498701139,0.705539270141619,0.854048830419925
1998-02-01T00:00:00Z,0.586973399588378,0.704356747188893,0.85471155930865494
1998-03-01T00:00:00Z,0.590938836568691,0.708023551500865,0.857188777760598
1998-04-01T00:00:00Z,0.600354103116579,0.716039544484792,0.861520085450754
1998-05-01T00:00:00Z,0.607386074394387,0.724095208303047,0.865713244752749
1998-06-01T00:00:00Z,0.630652356230544,0.74076186727348,0.873016219327252
1998-07-01T00:00:00Z,0.643070884070196,0.751953751442565,0.87906389130391
1998-08-01T00:00:00Z,0.663676197761591,0.766878376713503,0.887072072173119
1998-09-01T00:00:00Z,0.631077090571983,0.748361702727138,0.882485391771336
1998-10-01T00:00:00Z,0.612454588401497,0.732838679100266,0.875020366078491
1998-11-01T00:00:00Z,0.596820750685738,0.720506870233253,0.869615355497728
1998-12-01T00:00:00Z,0.593222549614937,0.716660580640916,0.867570732936304
1999-01-01T00:00:00Z,0.592786881432311,0.715232194819681,0.865913047792993
1999-02-01T00:00:00Z,0.586135320660992,0.709509163515533,0.86323874484069
1999-03-01T00:00:00Z,0.575298268494675,0.702384368497535,0.861259162154646
1999-04-01T00:00:00Z,0.570375628266319,0.699351969497602,0.860277299407013
1999-05-01T00:00:00Z,0.564813673176543,0.696325084543953,0.860561903894829
1999-06-01T00:00:00Z,0.567412585407688,0.696046921385415,0.860619741322826
1999-07-01T00:00:00Z,0.569512818460692,0.697287707431641,0.860774340998691
1999-08-01T00:00:00Z,0.573202212220986,0.700275610036344,0.862365662519284
1999-09-01T00:00:00Z,0.581883282546893,0.70520197018474,0.864693452896654
1999-10-01T00:00:00Z,0.593196355014984,0.712849558169618,0.866593452905945
1999-11-01T00:00:00Z,0.591820176990673,0.710857020345905,0.863259496389218
1999-12-01T00:00:00Z,0.602181991772673,0.71586725682358,0.862830342066213
2000-01-01T00:00:00Z,0.62078039799313,0.727354743741243,0.864883296842794
2000-02-01T00:00:00Z,0.615728203756001,0.727325583126307,0.86700429671132
2000-03-01T00:00:00Z,0.619461983156222,0.730975717109609,0.869446311287504
2000-04-01T00:00:00Z,0.629418125027909,0.740796963569571,0.874922474866114
2000-05-01T00:00:00Z,0.648196551888224,0.753543131387141,0.880712340869937
2000-06-01T00:00:00Z,0.647952160880476,0.752964816194419,0.880613514926844
2000-07-01T00:00:00Z,0.639275642084064,0.748620424731573,0.879933840905021
2000-08-01T00:00:00Z,0.635655150865484,0.747319068066187,0.881014016327057
2000-09-01T00:00:00Z,0.637422359772004,0.751315903170547,0.884048781614815
2000-10-01T00:00:00Z,0.636194931443394,0.750252396673473,0.883080240095786
2000-11-01T00:00:00Z,0.637085794722665,0.750686645252663,0.883000678138463
2000-12-01T00:00:00Z,0.649849452803329,0.760599530513218,0.886614708641267
2001-01-01T00:00:00Z,0.652116786045332,0.763449105481278,0.88774080545439
2001-02-01T00:00:00Z,0.646698920101529,0.758498378499551,0.883529883852789
2001-03-01T00:00:00Z,0.639938986885161,0.752769063078128,0.879789369952527
2001-04-01T00:00:00Z,0.646326332048617,0.755816539031378,0.878867244572279
2001-05-01T00:00:00Z,0.639707216730486,0.751110123191967,0.87714254428013
2001-06-01T00:00:00Z,0.637988271239166,0.749635041076597,0.876966765411114
2001-07-01T00:00:00Z,0.639128983329919,0.749067356618705,0.876009907040128
2001-08-01T00:00:00Z,0.647504546135841,0.756164771513704,0.878132418008659
2001-09-01T00:00:00Z,0.653735677059982,0.763682367006799,0.881032771124454
2001-10-01T00:00:00Z,0.664533196685057,0.769748256732145,0.881691147913741
2001-11-01T00:00:00Z,0.648042453626072,0.754823509904223,0.876395536265517
2001-12-01T00:00:00Z,0.631380195482183,0.740455556611511,0.870781544773423
2002-01-01T00:00:00Z,0.626177799984321,0.733930452795382,0.867127250288891
2002-02-01T00:00:00Z,0.613183818824293,0.722710819857761,0.86174434250248
2002-03-01T00:00:00Z,0.606171180886414,0.71600200765032,0.858573083744626
2002-04-01T00:00:00Z,0.599192964708605,0.710146117340444,0.856163955037441
2002-05-01T00:00:00Z,0.591251041422915,0.705867608559865,0.854463800079075
2002-06-01T00:00:00Z,0.594740670689961,0.707239184170719,0.853828563650269
2002-07-01T00:00:00Z,0.597466258652558,0.710485545938213,0.854871554530589
2002-08-01T00:00:00Z,0.596290797571131,0.709605229097733,0.855286545753919
2002-09-01T00:00:00Z,0.596715421089505,0.7104129059009,0.857095649771453
2002-10-01T00:00:00Z,0.594540306253419,0.710097183143822,0.859008747432241
2002-11-01T00:00:00Z,0.599929322521963,0.714760880518952,0.862254673359306
2002-12-01T00:00:00Z,0.610984598621227,0.725003126860449,0.868596543855656
2003-01-01T00:00:00Z,0.620345417767066,0.733272984901296,0.872966673498561
2003-02-01T00:00:00Z,0.62245702817714,0.735123717848539,0.872284342504396
2003-03-01T00:00:00Z,0.609893274199951,0.726646740350931,0.868965672965593
2003-04-01T00:00:00Z,0.604015793331753,0.722619009538472,0.867359039084529
2003-05-01T00:00:00Z,0.590826751402613,0.711347469196424,0.861278870383913
2003-06-01T00:00:00Z,0.580465880750804,0.702249918240821,0.856789880087536
2003-07-01T00:00:00Z,0.581169068952785,0.700309208591412,0.853873900070114
2003-08-01T00:00:00Z,0.580567911817144,0.696687781604383,0.850513461856549
2003-09-01T00:00:00Z,0.57910014718924,0.694105440663957,0.848638134294738
2003-10-01T00:00:00Z,0.580588294503767,0.694155954035022,0.847762302147522
2003-11-01T00:00:00Z,0.583295260855116,0.694536901865979,0.847942826518605
2003-12-01T00:00:00Z,0.576953196973679,0.690642914461077,0.847393464480222
2004-01-01T00:00:00Z,0.576846605840987,0.691597883333467,0.848320434039339
2004-02-01T00:00:00Z,0.575538208305565,0.692723933862943,0.850272606017212
2004-03-01T00:00:00Z,0.586215703164791,0.700656725955137,0.854481578581809
2004-04-01T00:00:00Z,0.584628947294393,0.702547586655779,0.858309468697217
2004-05-01T00:00:00Z,0.592195332018203,0.70935498570272,0.862507886094384
2004-06-01T00:00:00Z,0.606806563480785,0.720336298920497,0.867972656083848
2004-07-01T00:00:00Z,0.600149757473745,0.717058664615206,0.867789595246811
2004-08-01T00:00:00Z,0.591706537491084,0.711977157400504,0.865061618003729
2004-09-01T00:00:00Z,0.595123001191577,0.714437039886096,0.864832529364685
2004-10-01T00:00:00Z,0.606707310928842,0.722467749811901,0.866721345617477
2004-11-01T00:00:00Z,0.620975720192937,0.73056570260647,0.868500523630098
2004-12-01T00:00:00Z,0.642394872052858,0.739615712025918,0.86985902078574
2005-01-01T00:00:00Z,0.646682437186022,0.742223443701929,0.870024899175454
2005-02-01T00:00:00Z,0.625629409941104,0.733510633007146,0.868979947032693
2005-03-01T00:00:00Z,0.6234062984925,0.733329340402347,0.86954933661235
2005-04-01T00:00:00Z,0.617643482050795,0.731708114578865,0.870535891711036
2005-05-01T00:00:00Z,0.612980755807247,0.730489774596451,0.871009135465658
2005-06-01T00:00:00Z,0.619586328022043,0.735700878949693,0.873399513488937
2005-07-01T00:00:00Z,0.63751160015834,0.748236984810755,0.876976480024748
2005-08-01T00:00:00Z,0.652564936942889,0.760731978273428,0.882924904367083
2005-09-01T00:00:00Z,0.693406970549686,0.788560994699322,0.893032524208698
2005-10-01T00:00:00Z,0.685229544495274,0.78832742790717,0.897172430571396
2005-11-01T00:00:00Z,0.669623007427411,0.777315750104975,0.892032198990516
2005-12-01T00:00:00Z,0.648709354937334,0.76132098285237,0.886100754911118
2006-01-01T00:00:00Z,0.643204312882636,0.755137758946368,0.882283181932515
2006-02-01T00:00:00Z,0.63173582804764306,0.744715931737458,0.877193984300139
2006-03-01T00:00:00Z,0.618898240370699,0.734908532962565,0.873497909126162
2006-04-01T00:00:00Z,0.622795205185154,0.737270842649496,0.873336910869837
2006-05-01T00:00:00Z,0.62998878913192,0.742011555980827,0.874207822540197
2006-06-01T00:00:00Z,0.623149306710839,0.737960525888486,0.873469979936084
2006-07-01T00:00:00Z,0.623179073704177,0.737745120894917,0.873905078784619
2006-08-01T00:00:00Z,0.623433025482024,0.738198934845665,0.874449170392032
2006-09-01T00:00:00Z,0.633673855485282,0.746007894737508,0.876909299713306
2006-10-01T00:00:00Z,0.627556021331511,0.74341208139074,0.87714387206679
2006-11-01T00:00:00Z,0.618080345205723,0.736797070064176,0.875848568937812
2006-12-01T00:00:00Z,0.62718302603803,0.741171491366748,0.877872291409022
2007-01-01T00:00:00Z,0.63224087962069,0.741086217821504,0.875983654232892
2007-02-01T00:00:00Z,0.622341888322287,0.733197913791796,0.871302228462593
2007-03-01T00:00:00Z,0.614270352631756,0.724913925420308,0.866558712289786
2007-04-01T00:00:00Z,0.602838758351179,0.71644386913146,0.862607075411932
2007-05-01T00:00:00Z,0.588188751215899,0.70740930384637,0.859729324451699
2007-06-01T00:00:00Z,0.585215682094086,0.706365862299364,0.859634088259082
2007-07-01T00:00:00Z,0.589341916719806,0.711358892566273,0.86247885804087
2007-08-01T00:00:00Z,0.594411305994281,0.715996990552445,0.865031521114975
2007-09-01T00:00:00Z,0.59591552177652,0.717065735176415,0.865703564883736
2007-10-01T00:00:00Z,0.601750152714403,0.721463870699277,0.867850617921238
2007-11-01T00:00:00Z,0.607089984868646,0.7279112747557,0.87179129929985
2007-12-01T00:00:00Z,0.611673037017117,0.733406726303878,0.876303810976846
2008-01-01T00:00:00Z,0.614080052280113,0.735785552188434,0.879020783612507
2008-02-01T00:00:00Z,0.625648838257491,0.744372014087906,0.88358668519545
2008-03-01T00:00:00Z,0.638718523869494,0.752869566437718,0.886166685705729
2008-04-01T00:00:00Z,0.668125546932245,0.771646509891174,0.892600118150035
2008-05-01T00:00:00Z,0.69152281929144,0.786995569445076,0.899652645204998
2008-06-01T00:00:00Z,0.709949817669345,0.805711991557561,0.910757854247003
2008-07-01T00:00:00Z,0.737772725793447,0.832032584647374,0.924179574863815
2008-08-01T00:00:00Z,0.772217857986325,0.866091383774228,0.939982519276218
2008-09-01T00:00:00Z,0.822989936951643,0.909905758190041,0.957445707667242
2008-10-01T00:00:00Z,0.827425911499233,0.93010967331714,0.96690741961023
2008-11-01T00:00:00Z,0.829747651348603,0.943495386870536,0.975507384638554
2008-12-01T00:00:00Z,0.822123742958048,0.940501602735447,0.974477754866811
2009-01-01T00:00:00Z,0.815944571718287,0.920914161114487,0.962290868463491
2009-02-01T00:00:00Z,0.792243157886406,0.899351493891398,0.950525154534631
2009-03-01T00:00:00Z,0.762440363889006,0.873939308330709,0.939802135534313
2009-04-01T00:00:00Z,0.743431519970409,0.849752599592411,0.926172392452557
2009-05-01T00:00:00Z,0.732819806839937,0.835221972680395,0.917567220421192
2009-06-01T00:00:00Z,0.719726386432536,0.822916701369202,0.911657731706427
2009-07-01T00:00:00Z,0.727454386730951,0.82142961675186,0.908639051809337
2009-08-01T00:00:00Z,0.704837451342194,0.804959864301422,0.901709931719656
2009-09-01T00:00:00Z,0.69139530741495,0.796063860127815,0.897694959529514
2009-10-01T00:00:00Z,0.68470918241524,0.790756412246913,0.894801796842484
2009-11-01T00:00:00Z,0.680085317783058,0.784658429324342,0.893109715390793
2009-12-01T00:00:00Z,0.681577533933323,0.783829471083074,0.892777196344086
2010-01-01T00:00:00Z,0.693039829186813,0.788984668707082,0.894083765032174
2010-02-01T00:00:00Z,0.683610801958248,0.78314170001252,0.89259115420388
2010-03-01T00:00:00Z,0.687949851707728,0.78473810205758,0.892669190417117
2010-04-01T00:00:00Z,0.689097615569222,0.782489706779371,0.890600075387129
2010-05-01T00:00:00Z,0.691321221161257,0.779525307801499,0.886960834313801
2010-06-01T00:00:00Z,0.660652169979188,0.759744083388559,0.881897232481318
2010-07-01T00:00:00Z,0.643920992298348,0.74656559053832094,0.874330147334166
2010-08-01T00:00:00Z,0.630732457309821,0.737635138835298,0.869766078297933
2010-09-01T00:00:00Z,0.623779312986858,0.733943707229889,0.867825811983674
2010-10-01T00:00:00Z,0.618574610048212,0.731723790022556,0.86769392096511
2010-11-01T00:00:00Z,0.622463616188622,0.734862824350562,0.869763146266193
2010-12-01T00:00:00Z,0.638973250485139,0.745726401206458,0.873315888703569
2011-01-01T00:00:00Z,0.647960393675982,0.750413792097069,0.873354248771583
2011-02-01T00:00:00Z,0.648523935759928,0.750978963582261,0.873220925108707
2011-03-01T00:00:00Z,0.650498067721745,0.751790813806666,0.872065749342113
2011-04-01T00:00:00Z,0.648218131478668,0.747843311907669,0.868956998091408
2011-05-01T00:00:00Z,0.632220760144273,0.737891546077317,0.866362707610278
2011-06-01T00:00:00Z,0.619559660556004,0.728310897134927,0.863011348418047
2011-07-01T00:00:00Z,0.614297874198557,0.725811177176983,0.862889767490484
2011-08-01T00:00:00Z,0.607947191829053,0.723002202233125,0.862620401397721
2011-09-01T00:00:00Z,0.607182532013816,0.722058472400038,0.862586936441568
2011-10-01T00:00:00Z,0.614730595112126,0.726917299215176,0.864040649255622
2011-11-01T00:00:00Z,0.614324969020456,0.726365531824274,0.864243494897897
2011-12-01T00:00:00Z,0.616698905846079,0.727261743833946,0.864078576346705
2012-01-01T00:00:00Z,0.61181889366651,0.723525201300071,0.862360261522359
2012-02-01T00:00:00Z,0.599360189113811,0.714885193905627,0.858955036050713
2012-03-01T00:00:00Z,0.59888952570008,0.7132600885048,0.856849283872651
2012-04-01T00:00:00Z,0.588619877649388,0.706617210616374,0.854181478594515
2012-05-01T00:00:00Z,0.585838003962257,0.704715025306464,0.852830329914344
2012-06-01T00:00:00Z,0.586942048774296,0.704384045860974,0.851088617895012
2012-07-01T00:00:00Z,0.596528670031967,0.709745041071383,0.850989164860032
2012-08-01T00:00:00Z,0.60283990916183,0.713736524277227,0.851796915141728
2012-09-01T00:00:00Z,0.604035888620543,0.713395917338562,0.851630973976877
2012-10-01T00:00:00Z,0.611107401738511,0.715967864312062,0.851166644767285
2012-11-01T00:00:00Z,0.625057166657811,0.72224357073095,0.852625790065623
2012-12-01T00:00:00Z,0.639413835485221,0.729325262630126,0.855622090701688
2013-01-01T00:00:00Z,0.620296895589364,0.722515267041939,0.856945279293184
2013-02-01T00:00:00Z,0.608395095449175,0.718037132111255,0.858687509410107
2013-03-01T00:00:00Z,0.597383782886482,0.713355057546545,0.859365234341411
2013-04-01T00:00:00Z,0.588816944411349,0.706331750929473,0.85698212699223
2013-05-01T00:00:00Z,0.587727583666237,0.705343637573703,0.856129440488446
2013-06-01T00:00:00Z,0.594257858451619,0.708784593655966,0.856891636175539
2013-07-01T00:00:00Z,0.612720020729375,0.719663115950429,0.859922508542442
2013-08-01T00:00:00Z,0.607978869798403,0.718305865177057,0.861437343623779
2013-09-01T00:00:00Z,0.597746491775689,0.712879136189609,0.860047079125525
2013-10-01T00:00:00Z,0.607179041718843,0.719213813433325,0.861676459297478
2013-11-01T00:00:00Z,0.613324737767889,0.724721522821268,0.863952858784929
2013-12-01T00:00:00Z,0.627578875223216,0.734829454084793,0.867160705048852
2014-01-01T00:00:00Z,0.65106652134993,0.748996478756692,0.871864253768853
2014-02-01T00:00:00Z,0.64677775238913,0.747512084668183,0.87201287085356
2014-03-01T00:00:00Z,0.630412913907843,0.737128109714342,0.868893028454446
2014-04-01T00:00:00Z,0.616318119310206,0.727650282572767,0.864881490287265
2014-05-01T00:00:00Z,0.602299526787901,0.717539055045373,0.861308233481193
2014-06-01T00:00:00Z,0.600064925320821,0.715610635066979,0.859957436537865
2014-07-01T00:00:00Z,0.610496630977211,0.722076080220032,0.861384381354504
2014-08-01T00:00:00Z,0.609537932216867,0.720956358435497,0.86080094471862
2014-09-01T00:00:00Z,0.602041288977172,0.71640417591195,0.859931316437219
2014-10-01T00:00:00Z,0.604559480539179,0.718415295193413,0.861499248131169
2014-11-01T00:00:00Z,0.609715691643207,0.721175538812491,0.86292544191893406
2014-12-01T00:00:00Z,0.613664544415912,0.726351811663806,0.86640956056826
2015-01-01T00:00:00Z,0.624847344553912,0.735109913422061,0.870153120833515
2015-02-01T00:00:00Z,0.624105850143894,0.737268437134475,0.872376640599537
2015-03-01T00:00:00Z,0.625108949283504,0.738015786046717,0.872432866183356
2015-04-01T00:00:00Z,0.626968599754917,0.737327611741083,0.871944939968429
2015-05-01T00:00:00Z,0.62544442974371794,0.737053274438392,0.872653081431315
2015-06-01T00:00:00Z,0.623615162628229,0.736492768993653,0.873783068383971
2015-07-01T00:00:00Z,0.621814471122365,0.736958192722751,0.875289369436338
2015-08-01T00:00:00Z,0.618551122481548,0.737202444102479,0.875445592401143
2015-09-01T00:00:00Z,0.625178796705458,0.742018908418545,0.874357273289959
2015-10-01T00:00:00Z,0.621171879137991,0.740783710154828,0.873057283785441
2015-11-01T00:00:00Z,0.625101496409061,0.74075897711391,0.871430027185269
2015-12-01T00:00:00Z,0.621834048104439,0.737177277189782,0.87081356119943
2016-01-01T00:00:00Z,0.625905630202809,0.740260485864448,0.872805784909048
2016-02-01T00:00:00Z,0.625327933424917,0.737786803372629,0.87166007401234
2016-03-01T00:00:00Z,0.617528920600554,0.732513165200562,0.869231233318143
2016-04-01T00:00:00Z,0.610462605658374,0.726982938885448,0.866677653042924
2016-05-01T00:00:00Z,0.605990185668279,0.723011035811509,0.865603139600655
2016-06-01T00:00:00Z,0.593980220773578,0.715516121081592,0.863864792647938
2016-07-01T00:00:00Z,0.584192073998071,0.709457065372273,0.86328870200905
2016-08-01T00:00:00Z,0.578725610404126,0.704152660472577,0.861277392651906
2016-09-01T00:00:00Z,0.574642245532719,0.699819669480561,0.859944959930696
2016-10-01T00:00:00Z,0.577700500540284,0.700637069695098,0.860460325591893
2016-11-01T00:00:00Z,0.584201486002545,0.704206425520212,0.862163427682143
2016-12-01T00:00:00Z,0.587699055606836,0.705476875172184,0.863367515370914
2017-01-01T00:00:00Z,0.59189405260863,0.708906757849706,0.864219882213294
2017-02-01T00:00:00Z,0.607563887344484,0.71962437115224,0.866660793389824
2017-03-01T00:00:00Z,0.612230121793408,0.72352750790988,0.868699421175414
2017-04-01T00:00:00Z,0.61803492937547,0.729246202445266,0.872365019386893
2017-05-01T00:00:00Z,0.615047876952291,0.729296480104672,0.874795093629707
2017-06-01T00:00:00Z,0.614470444780556,0.731005777166851,0.876139975343255
2017-07-01T00:00:00Z,0.614278774104839,0.73056095021556,0.874893386127865
2017-08-01T00:00:00Z,0.614516176584477,0.732679829775215,0.875977341717698
2017-09-01T00:00:00Z,0.629613407320919,0.743897986390566,0.879747215741887
2017-10-01T00:00:00Z,0.635697115198094,0.748068084114022,0.882108114583309
2017-11-01T00:00:00Z,0.620059567055386,0.738540650738723,0.88037497336536
2017-12-01T00:00:00Z,0.619306830647753,0.737848815453031,0.880347891488685
2018-01-01T00:00:00Z,0.626616596968256,0.742278095489813,0.88200707141771
2018-02-01T00:00:00Z,0.6352873136113,0.747510812774563,0.884377831242663
2018-03-01T00:00:00Z,0.630095076280507,0.742784097868991,0.882463512646301
2018-04-01T00:00:00Z,0.640826978187084,0.747086704013871,0.881859020306355
2018-05-01T00:00:00Z,0.64797867479044,0.750045110236559,0.882584500845706
2018-06-01T00:00:00Z,0.624293725474328,0.738029213394088,0.880637749439161
2018-07-01T00:00:00Z,0.606313299214602,0.728111241481052,0.878435293454822
2018-08-01T00:00:00Z,0.602399532258807,0.726355200181791,0.878717203586546
2018-09-01T00:00:00Z,0.601323965621272,0.726469091114335,0.879460261783563
2018-10-01T00:00:00Z,0.604963457709644,0.729601652721906,0.881174714523625
2018-11-01T00:00:00Z,0.616723508612479,0.737736198550677,0.885440101379613
2018-12-01T00:00:00Z,0.636017413841602,0.753005670403975,0.894106335761764
