Date,FU_JLN_h1,FU_JLN_h3,FU_JLN_h12
1960-07-01T00:00:00Z,0.890349167612957,0.93342433767032,0.981516285541172
1960-08-01T00:00:00Z,0.906719036617792,0.944555987835973,0.984297505357193
1960-09-01T00:00:00Z,0.923191158686005,0.957559501497053,0.988358277421752
1960-10-01T00:00:00Z,0.896544169206766,0.938706912043899,0.983577101839687
1960-11-01T00:00:00Z,0.888074011501541,0.932823659917913,0.982315245460062
1960-12-01T00:00:00Z,0.883293442912627,0.928664560946051,0.980735614022653
1961-01-01T00:00:00Z,0.892824774322637,0.935013411507313,0.981474549165073
1961-02-01T00:00:00Z,0.875105288936567,0.920906483279944,0.976546556120662
1961-03-01T00:00:00Z,0.855745053915069,0.905835525682145,0.971778587010518
1961-04-01T00:00:00Z,0.838307773015585,0.892193441540093,0.967733587562289
1961-05-01T00:00:00Z,0.834452799579027,0.888965034806027,0.96665713996222
1961-06-01T00:00:00Z,0.836764263026169,0.890540673403799,0.967123558694664
1961-07-01T00:00:00Z,0.818898040697017,0.877446148543443,0.963880660442912
1961-08-01T00:00:00Z,0.819096503269752,0.877329367341404,0.963948104460883
1961-09-01T00:00:00Z,0.829452854151755,0.885027996858513,0.966015336748806
1961-10-01T00:00:00Z,0.830532861605601,0.886695800137712,0.967273572156181
1961-11-01T00:00:00Z,0.841860624836779,0.89524497991221,0.969910268543255
1961-12-01T00:00:00Z,0.850272055891257,0.902714408343471,0.972849548249688
1962-01-01T00:00:00Z,0.867135760899689,0.917222560381135,0.978363636810614
1962-02-01T00:00:00Z,0.890853251514959,0.936320401236918,0.984675756709827
1962-03-01T00:00:00Z,0.940184151095634,0.974176197067179,0.996182869242939
1962-04-01T00:00:00Z,1.01249104020356,1.02899385225487,1.01233684157097
1962-05-01T00:00:00Z,1.06552045985605,1.06875433164033,1.02406656803311
1962-06-01T00:00:00Z,1.06619103291492,1.0705829176047,1.0255065880978
1962-07-01T00:00:00Z,1.03988948297516,1.05135941652982,1.01985484586489
1962-08-01T00:00:00Z,1.01539369561149,1.03237105562269,1.01336210416716
1962-09-01T00:00:00Z,1.0196411381705,1.03469874337638,1.01266316859621
1962-10-01T00:00:00Z,1.00845770740031,1.02590507921171,1.00934426825465
1962-11-01T00:00:00Z,1.02418737074063,1.03599196071244,1.01057560806857
1962-12-01T00:00:00Z,0.959857944081002,0.986972591094682,0.995084178252008
1963-01-01T00:00:00Z,0.917855677516272,0.953634968260708,0.983609495556721
1963-02-01T00:00:00Z,0.854816040497577,0.905419348823248,0.96886678810362
1963-03-01T00:00:00Z,0.806186457662373,0.866882100679351,0.95625550867976306
1963-04-01T00:00:00Z,0.77444201802926,0.840778433604295,0.946718383355564
1963-05-01T00:00:00Z,0.748115370867358,0.818590172156591,0.938065997047594
1963-06-01T00:00:00Z,0.729112692718582,0.802537120224576,0.931631115117546
1963-07-01T00:00:00Z,0.712146151285675,0.788540083693232,0.926299543707381
1963-08-01T00:00:00Z,0.707710598424234,0.784092836657193,0.923593831848531
1963-09-01T00:00:00Z,0.691940708028525,0.770512574440074,0.917811365201718
1963-10-01T00:00:00Z,0.673926801020655,0.755001916606967,0.911357152825538
1963-11-01T00:00:00Z,0.661427073930118,0.743567517966851,0.905989243184551
1963-12-01T00:00:00Z,0.643827163956,0.728747218221123,0.900005800922655
1964-01-01T00:00:00Z,0.633025088127917,0.719214874304053,0.895631913978907
1964-02-01T00:00:00Z,0.624572421933699,0.711829566905991,0.892346512343955
1964-03-01T00:00:00Z,0.620669324999872,0.708161727582606,0.890481168778465
1964-04-01T00:00:00Z,0.61511035499323,0.703550471959226,0.888642214623819
1964-05-01T00:00:00Z,0.607366847756817,0.697468221579039,0.886707907457198
1964-06-01T00:00:00Z,0.605373825231495,0.695975984924464,0.886338258702425
1964-07-01T00:00:00Z,0.612016777668276,0.701609298490904,0.888445253639921
1964-08-01T00:00:00Z,0.619235764586286,0.707761609132378,0.890688814482181
1964-09-01T00:00:00Z,0.626121205807125,0.713740492391622,0.892976797334078
1964-10-01T00:00:00Z,0.62888428109818,0.716400331689041,0.894257077061487
1964-11-01T00:00:00Z,0.640324406925512,0.726095233092485,0.897991955574881
1964-12-01T00:00:00Z,0.659567230622025,0.741943621659832,0.903505713117055
1965-01-01T00:00:00Z,0.687431858956015,0.764558152334549,0.911058417101667
1965-02-01T00:00:00Z,0.689813700576341,0.767063905504471,0.912500818351048
1965-03-01T00:00:00Z,0.702371568773363,0.777757238229297,0.916547117155727
1965-04-01T00:00:00Z,0.729921190930307,0.799885836980105,0.923815125537398
1965-05-01T00:00:00Z,0.761282081272072,0.824881534662911,0.931965358608043
1965-06-01T00:00:00Z,0.806538607162955,0.860113375628133,0.942882318235881
1965-07-01T00:00:00Z,0.7864497296713,0.845171542494173,0.93912334510251
1965-08-01T00:00:00Z,0.774586314615381,0.836232288117206,0.937038443822586
1965-09-01T00:00:00Z,0.769695324699883,0.832783884704485,0.936534236857364
1965-10-01T00:00:00Z,0.774551778817543,0.83657164384757,0.937974469712654
1965-11-01T00:00:00Z,0.778901369082544,0.839849153665898,0.93929100578622
1965-12-01T00:00:00Z,0.78570982917662,0.845935108738819,0.941997520708319
1966-01-01T00:00:00Z,0.801419284663073,0.858771020170573,0.946688789764963
1966-02-01T00:00:00Z,0.817246266528454,0.871982549820725,0.951960718494624
1966-03-01T00:00:00Z,0.847073188073592,0.895579965271643,0.959945855110943
1966-04-01T00:00:00Z,0.886876872563523,0.926176262475527,0.969641273877624
1966-05-01T00:00:00Z,0.939812621184537,0.965858412658533,0.981527325035002
1966-06-01T00:00:00Z,0.923654231523141,0.956065063806478,0.980986279985338
1966-07-01T00:00:00Z,0.934646673304928,0.96565177937129,0.985427305442348
1966-08-01T00:00:00Z,0.971726470827271,0.993532192401776,0.994296535607843
1966-09-01T00:00:00Z,0.937442574031688,0.969839405916792,0.989397153224652
1966-10-01T00:00:00Z,0.930100057033155,0.965135696429297,0.989123269185297
1966-11-01T00:00:00Z,0.934656423831718,0.96834807522503,0.98990739029055
1966-12-01T00:00:00Z,0.949104004602862,0.978150498057815,0.991679813623633
1967-01-01T00:00:00Z,0.995775344614589,1.01043457457768,0.998924306665657
1967-02-01T00:00:00Z,0.942159204124476,0.972201010454605,0.989331859088509
1967-03-01T00:00:00Z,0.918690185497091,0.954730105675602,0.98467892476188
1967-04-01T00:00:00Z,0.896545206736198,0.938293222190544,0.980424653090217
1967-05-01T00:00:00Z,0.891454580052587,0.934265151280644,0.979375939352052
1967-06-01T00:00:00Z,0.896327088612928,0.936851008258739,0.979258407466067
1967-07-01T00:00:00Z,0.887698194849656,0.930904144620426,0.977951711968825
1967-08-01T00:00:00Z,0.869381083379441,0.917763330432218,0.974760171612163
1967-09-01T00:00:00Z,0.872821609230432,0.920604513613674,0.975921286546191
1967-10-01T00:00:00Z,0.878221912080496,0.925270622579784,0.977830224934929
1967-11-01T00:00:00Z,0.878457976621717,0.925156091709017,0.977699666251953
1967-12-01T00:00:00Z,0.896854642503196,0.939193802314436,0.981855212061413
1968-01-01T00:00:00Z,0.904261598061288,0.945780382666538,0.984928377756367
1968-02-01T00:00:00Z,0.922312397897384,0.959014732327103,0.988448354275214
1968-03-01T00:00:00Z,0.934141560991112,0.968064546623845,0.991256198547331
1968-04-01T00:00:00Z,0.97301016685109,0.996771742663859,0.999234567692543
1968-05-01T00:00:00Z,0.931137422286831,0.966283616361662,0.99132287836831
1968-06-01T00:00:00Z,0.898901930422751,0.943003737925401,0.985767083628885
1968-07-01T00:00:00Z,0.887696090637846,0.934838369881559,0.984043918728451
1968-08-01T00:00:00Z,0.880620370565657,0.929276868999407,0.982291532331022
1968-09-01T00:00:00Z,0.887024222944409,0.933986443956615,0.983853808988348
1968-10-01T00:00:00Z,0.889659790780021,0.935958658972817,0.98470733071942
1968-11-01T00:00:00Z,0.914713803262813,0.95443053368828,0.989914476095621
1968-12-01T00:00:00Z,0.917442971118527,0.957681961287338,0.992205098951264
1969-01-01T00:00:00Z,0.929215325434184,0.966808324900008,0.995227894148678
1969-02-01T00:00:00Z,0.963436369507577,0.99293299526004,1.00300025306497
1969-03-01T00:00:00Z,0.955022039806611,0.987724180900322,1.00237761167285
1969-04-01T00:00:00Z,0.964093278711394,0.995199154560565,1.00512894863826
1969-05-01T00:00:00Z,1.00021591245824,1.02226859089247,1.01289277869595
1969-06-01T00:00:00Z,1.06682569273503,1.07123518356144,1.0265612984882
1969-07-01T00:00:00Z,1.07029082855496,1.07556770661355,1.02945677714676
1969-08-01T00:00:00Z,1.05761854448987,1.06774118253413,1.02882957512696
1969-09-01T00:00:00Z,1.05472884147802,1.06642731593485,1.02951604169508
1969-10-01T00:00:00Z,1.07360083614497,1.08059333584609,1.03399275078207
1969-11-01T00:00:00Z,1.08361075841115,1.087988363338,1.03642605857443
1969-12-01T00:00:00Z,1.08955759048046,1.09340417359872,1.03935034358616
1970-01-01T00:00:00Z,1.11051818943831,1.11042400035927,1.04587512257012
1970-02-01T00:00:00Z,1.12786018942615,1.12351926549991,1.04996175564726
1970-03-01T00:00:00Z,1.16086630164387,1.14736319489847,1.05632408922563
1970-04-01T00:00:00Z,1.23351842786778,1.1979547548321,1.06880635334589
1970-05-01T00:00:00Z,1.204931618779,1.17750656593592,1.06325110369141
1970-06-01T00:00:00Z,1.16340682275367,1.14767293953917,1.05515348858835
1970-07-01T00:00:00Z,1.12692937938261,1.12093066978727,1.04737159231358
1970-08-01T00:00:00Z,1.09200244137941,1.09449047917382,1.03904677271622
1970-09-01T00:00:00Z,1.08162817271379,1.08527435441605,1.03496879828023
1970-10-01T00:00:00Z,1.05591062220844,1.06525240508331,1.02809903190141
1970-11-01T00:00:00Z,1.02491304841193,1.0419798360498,1.02075838925072
1970-12-01T00:00:00Z,1.01337948073154,1.03191913890878,1.01617206041459
1971-01-01T00:00:00Z,0.989036323566138,1.01279315070574,1.00982243893917
1971-02-01T00:00:00Z,0.941593127269297,0.977655379874975,0.99987235245708
1971-03-01T00:00:00Z,0.921961019579086,0.962492845800739,0.995015904084205
1971-04-01T00:00:00Z,0.906021699242985,0.94999534279674,0.990784112730991
1971-05-01T00:00:00Z,0.907906148053776,0.950774155390828,0.990303858288644
1971-06-01T00:00:00Z,0.901013712827001,0.944986186085496,0.987871847902066
1971-07-01T00:00:00Z,0.915681939308555,0.955253895688042,0.990178549894552
1971-08-01T00:00:00Z,0.910805274567078,0.951448872710228,0.988686314234782
1971-09-01T00:00:00Z,0.90250523763266,0.945342614014649,0.986571448611176
1971-10-01T00:00:00Z,0.911855232502478,0.952268647465255,0.988150861062366
1971-11-01T00:00:00Z,0.912248014880023,0.95220103573095,0.987714971045188
1971-12-01T00:00:00Z,0.93237644393973,0.966839387858711,0.991660882998898
1972-01-01T00:00:00Z,0.883860321140356,0.930154700652964,0.981273919825956
1972-02-01T00:00:00Z,0.84284699532813,0.898748310018759,0.972135152794512
1972-03-01T00:00:00Z,0.817941268578025,0.878975629172889,0.965984965659485
1972-04-01T00:00:00Z,0.805475403765456,0.868812284071092,0.962583334707573
1972-05-01T00:00:00Z,0.807335315862605,0.870201250044154,0.962972802443974
1972-06-01T00:00:00Z,0.815239760475908,0.876783390338335,0.965490867737318
1972-07-01T00:00:00Z,0.821559586092857,0.882301328951414,0.967907673999642
1972-08-01T00:00:00Z,0.831145267089074,0.890142749223003,0.971005313909908
1972-09-01T00:00:00Z,0.844456998754094,0.900827327643749,0.974568138877408
1972-10-01T00:00:00Z,0.859378896136843,0.912669605822653,0.978706282111207
1972-11-01T00:00:00Z,0.893246316355225,0.938679177953508,0.98685206912471
1972-12-01T00:00:00Z,0.917720370192599,0.958289523914935,0.993396519073713
1973-01-01T00:00:00Z,0.95746024171951,0.989144975529912,1.00321372465531
1973-02-01T00:00:00Z,0.990979404853561,1.01467727271332,1.01123006300398
1973-03-01T00:00:00Z,1.00359616425606,1.02580082040969,1.01610921320562
1973-04-01T00:00:00Z,1.04530866521404,1.0574834783474,1.02587340599665
1973-05-01T00:00:00Z,1.07008431521711,1.07630173088899,1.03160831197384
1973-06-01T00:00:00Z,1.08896070694418,1.09207326536212,1.03762173231104
1973-07-01T00:00:00Z,1.13629191535522,1.1275900387264,1.0483673663633
1973-08-01T00:00:00Z,1.16167156755299,1.14682452791669,1.05437551244355
1973-09-01T00:00:00Z,1.20322750925158,1.17748395569901,1.06307527681277
1973-10-01T00:00:00Z,1.22822944083611,1.19597231331958,1.0684123183166
1973-11-01T00:00:00Z,1.2984706209313,1.24431152189442,1.08006216922308
1973-12-01T00:00:00Z,1.21051953621617,1.1837690814088,1.06574325308193
1974-01-01T00:00:00Z,1.1627904703335,1.14938810307492,1.05681874437595
1974-02-01T00:00:00Z,1.11505730331462,1.11594076308545,1.04904391072544
1974-03-01T00:00:00Z,1.10185561722042,1.10705922134691,1.04762384375717
1974-04-01T00:00:00Z,1.11821593947757,1.11937979116943,1.05151837225268
1974-05-01T00:00:00Z,1.1382060106099,1.13448188187617,1.05640233038541
1974-06-01T00:00:00Z,1.15107145088155,1.14529394791725,1.06090935343673
1974-07-01T00:00:00Z,1.19548339172796,1.17851175399636,1.07104502823532
1974-08-01T00:00:00Z,1.25260313396885,1.21994266557666,1.08271326142522
1974-09-01T00:00:00Z,1.29227604228895,1.24920258659877,1.09101697923585
1974-10-01T00:00:00Z,1.32296220488165,1.27108736324472,1.09675276843417
1974-11-01T00:00:00Z,1.31398416710495,1.26240148665689,1.09216282783214
1974-12-01T00:00:00Z,1.326656966482,1.26849537348493,1.09121682969654
1975-01-01T00:00:00Z,1.37899381913473,1.30073618667987,1.09599493183297
1975-02-01T00:00:00Z,1.24852119221663,1.21138748712056,1.0743178392628
1975-03-01T00:00:00Z,1.16827211773709,1.15391257683377,1.05893599130608
1975-04-01T00:00:00Z,1.10580804552891,1.10802958518244,1.04622134414323
1975-05-01T00:00:00Z,1.07149022607626,1.08140627243967,1.037673039636
1975-06-01T00:00:00Z,1.04116516556655,1.05844127767753,1.03064513382623
1975-07-01T00:00:00Z,1.02063480468451,1.04229204011387,1.02511241470518
1975-08-01T00:00:00Z,0.997272586733791,1.02337523805075,1.01813135908611
1975-09-01T00:00:00Z,0.980168285362003,1.00997125239423,1.01355722123913
1975-10-01T00:00:00Z,0.971807069007601,1.00309079374607,1.01073582697993
1975-11-01T00:00:00Z,0.973392030477178,1.00309255718292,1.00924650331247
1975-12-01T00:00:00Z,0.998383609509449,1.0203399130003,1.01249544124204
1976-01-01T00:00:00Z,1.05890656374291,1.06203037351343,1.0216615055465
1976-02-01T00:00:00Z,0.964828410969139,0.992856344795424,1.00167036065144
1976-03-01T00:00:00Z,0.893901466544339,0.93892398021439,0.985329536115898
1976-04-01T00:00:00Z,0.850283165000713,0.903974998770462,0.973587737324609
1976-05-01T00:00:00Z,0.823986928646688,0.881881702744211,0.965407827947697
1976-06-01T00:00:00Z,0.800713595701829,0.86363481811718,0.959035551658203
1976-07-01T00:00:00Z,0.776862086890631,0.844185350184424,0.951988455944511
1976-08-01T00:00:00Z,0.766481735683407,0.835009800197407,0.948038363623416
1976-09-01T00:00:00Z,0.761820284166231,0.831401310793508,0.946427707584225
1976-10-01T00:00:00Z,0.771803205298902,0.838733524116874,0.948039311978583
1976-11-01T00:00:00Z,0.786135804980011,0.848686225885643,0.950411625830225
1976-12-01T00:00:00Z,0.797611623584652,0.859276097710575,0.954139957333577
1977-01-01T00:00:00Z,0.772356200410366,0.840826224840199,0.950002585630637
1977-02-01T00:00:00Z,0.744587306253882,0.818581113647759,0.942545655869221
1977-03-01T00:00:00Z,0.72776319678449,0.804913882622536,0.937789290253025
1977-04-01T00:00:00Z,0.724632802914401,0.802056434754303,0.936398839658842
1977-05-01T00:00:00Z,0.734182295433672,0.809258126517684,0.938409658943923
1977-06-01T00:00:00Z,0.751214447776346,0.823183710243655,0.94283527337406
1977-07-01T00:00:00Z,0.747441495626447,0.820587053182272,0.942436462816443
1977-08-01T00:00:00Z,0.751014693037115,0.823831446974602,0.943917619137433
1977-09-01T00:00:00Z,0.762794467661839,0.833855089846,0.947563378584022
1977-10-01T00:00:00Z,0.791434208244776,0.856934686724366,0.955188296274683
1977-11-01T00:00:00Z,0.819149784078986,0.878358127604072,0.961476162957789
1977-12-01T00:00:00Z,0.815004115339366,0.876408265481605,0.962457261984558
1978-01-01T00:00:00Z,0.832356921006195,0.890827295998652,0.968198293992766
1978-02-01T00:00:00Z,0.839845418324707,0.896739737337526,0.970202312887913
1978-03-01T00:00:00Z,0.864121864159583,0.915769541743482,0.976292706423584
1978-04-01T00:00:00Z,0.889288890986577,0.93587066187325,0.983366682217042
1978-05-01T00:00:00Z,0.893802385610871,0.939884804548518,0.985133333673383
1978-06-01T00:00:00Z,0.91211031819165,0.954409666518035,0.989966856554659
1978-07-01T00:00:00Z,0.954446033121583,0.986795352908619,0.999780339390263
1978-08-01T00:00:00Z,1.00086424890896,1.02146517772497,1.00973369874341
1978-09-01T00:00:00Z,1.06096164837857,1.06590622350407,1.02250280861015
1978-10-01T00:00:00Z,1.1636836849761,1.13835522341628,1.04142061430986
1978-11-01T00:00:00Z,1.08758154832175,1.08559943945031,1.02886614879701
1978-12-01T00:00:00Z,1.03101611929815,1.045012011046,1.01841441973349
1979-01-01T00:00:00Z,1.0120059369217,1.03063431052694,1.01426078451826
1979-02-01T00:00:00Z,0.989130835340828,1.01378503679366,1.00966836462138
1979-03-01T00:00:00Z,0.978395544595423,1.00572239846366,1.00742999011741
1979-04-01T00:00:00Z,0.938780054628547,0.976503369876981,0.999641017437113
1979-05-01T00:00:00Z,0.927379417518664,0.968063268981119,0.997620520218984
1979-06-01T00:00:00Z,0.9364131820276,0.97523736408697,1.00027284296106
1979-07-01T00:00:00Z,0.944937516061162,0.982308992427248,1.00295706141896
1979-08-01T00:00:00Z,0.981110427924924,1.00997803555626,1.01146623096303
1979-09-01T00:00:00Z,1.01179792964315,1.03336434298459,1.01878103322893
1979-10-01T00:00:00Z,1.07058105538357,1.07657673748128,1.03123334710257
1979-11-01T00:00:00Z,1.07611644317777,1.0820436376171,1.03436699003976
1979-12-01T00:00:00Z,1.0701149964242,1.07876449916549,1.03460320574755
1980-01-01T00:00:00Z,1.09541276690968,1.09752352096247,1.04037237475221
1980-02-01T00:00:00Z,1.12804349582506,1.12093691432863,1.04706724742994
1980-03-01T00:00:00Z,1.18633287354011,1.16153287064036,1.05781876645914
1980-04-01T00:00:00Z,1.11786273357954,1.11375010837535,1.04610939407821
1980-05-01T00:00:00Z,1.05511288314468,1.06873462790567,1.03427544589486
1980-06-01T00:00:00Z,1.00717487169974,1.03333140566329,1.02429031369402
1980-07-01T00:00:00Z,0.988035026908983,1.01869034219265,1.01966457839885
1980-08-01T00:00:00Z,0.941418639053806,0.983323091621719,1.00924491302382
1980-09-01T00:00:00Z,0.915604564796999,0.963392135410557,1.00344143430806
1980-10-01T00:00:00Z,0.907968232156275,0.957492611985348,1.00197214719652
1980-11-01T00:00:00Z,0.917470031608511,0.964543263980192,1.00401610258627
1980-12-01T00:00:00Z,0.899512470745438,0.950322486153478,0.998809191569365
1981-01-01T00:00:00Z,0.882989299336042,0.937138640622663,0.994194815000503
1981-02-01T00:00:00Z,0.875046262957822,0.930231264334431,0.99099542419797
1981-03-01T00:00:00Z,0.882794370726861,0.935489924422689,0.991482612096954
1981-04-01T00:00:00Z,0.86211942635738,0.920052383733824,0.987269833858565
1981-05-01T00:00:00Z,0.857694349638807,0.91690502457058,0.986685179719768
1981-06-01T00:00:00Z,0.869364458556536,0.926439650616487,0.990363135972934
1981-07-01T00:00:00Z,0.891841466403385,0.943959180481655,0.996023023068158
1981-08-01T00:00:00Z,0.924939000914523,0.969431592323691,1.00409859041861
1981-09-01T00:00:00Z,0.929667065538172,0.973775787698042,1.00628468587628
1981-10-01T00:00:00Z,0.91709714851057,0.964138875957368,1.00345743212634
1981-11-01T00:00:00Z,0.886780212963087,0.940811641084404,0.996462600473738
1981-12-01T00:00:00Z,0.871525036775235,0.928705495179754,0.992462962766907
1982-01-01T00:00:00Z,0.867207726313938,0.925023060301146,0.991088367914446
1982-02-01T00:00:00Z,0.867084386001741,0.925364195397441,0.991833950737914
1982-03-01T00:00:00Z,0.864469804149937,0.923267125207904,0.991071967428398
1982-04-01T00:00:00Z,0.879961679301166,0.935198824752809,0.994564672881023
1982-05-01T00:00:00Z,0.897057278028621,0.948391663226745,0.998608289437817
1982-06-01T00:00:00Z,0.911320027543214,0.959984341989417,1.00263080824986
1982-07-01T00:00:00Z,0.943500184730753,0.985285143257194,1.01071163477094
1982-08-01T00:00:00Z,0.998202979182256,1.02672547873247,1.02295632708053
1982-09-01T00:00:00Z,1.00110535206463,1.02827639356688,1.02232287040122
1982-10-01T00:00:00Z,1.03341162247627,1.05098563967678,1.02723337100723
1982-11-01T00:00:00Z,0.982759918203417,1.011989728547,1.01482187770498
1982-12-01T00:00:00Z,0.936431721326031,0.975990309813137,1.00312984463134
1983-01-01T00:00:00Z,0.915642137352363,0.958898435080694,0.996814342232288
1983-02-01T00:00:00Z,0.897839218018193,0.944403911116558,0.991368502848982
1983-03-01T00:00:00Z,0.885705490662582,0.934748367815154,0.987984901101337
1983-04-01T00:00:00Z,0.881100638862917,0.930872438336844,0.986249159095834
1983-05-01T00:00:00Z,0.862502758658609,0.915798240046802,0.981029519568496
1983-06-01T00:00:00Z,0.848434336389777,0.904694536255333,0.977433604404343
1983-07-01T00:00:00Z,0.840981333241228,0.898825049774017,0.975560118720771
1983-08-01T00:00:00Z,0.831413202693245,0.890877887895408,0.972355088561018
1983-09-01T00:00:00Z,0.830834259438103,0.890084955059922,0.971714914812755
1983-10-01T00:00:00Z,0.840765197743908,0.897946432999689,0.973869368319483
1983-11-01T00:00:00Z,0.834812402451981,0.893654234928001,0.972633182050398
1983-12-01T00:00:00Z,0.830370400230932,0.890187244804096,0.971466366111683
1984-01-01T00:00:00Z,0.836023407167698,0.895101024356342,0.973170788265809
1984-02-01T00:00:00Z,0.850939790069824,0.906381865488855,0.975919981415302
1984-03-01T00:00:00Z,0.842248036540148,0.899944447111804,0.974027526556209
1984-04-01T00:00:00Z,0.85227147807144,0.907669764296375,0.976237632208066
1984-05-01T00:00:00Z,0.87934014394653,0.928532503863228,0.982491716512252
1984-06-01T00:00:00Z,0.888486287311531,0.93614867981377,0.985599378122615
1984-07-01T00:00:00Z,0.9116882617949,0.953919768859476,0.991056327830482
1984-08-01T00:00:00Z,0.93857868791431,0.974467889099489,0.997255876608303
1984-09-01T00:00:00Z,0.888819509567927,0.936528891244108,0.986195706262531
1984-10-01T00:00:00Z,0.857438859907217,0.911656276208904,0.978414046147036
1984-11-01T00:00:00Z,0.843856279729434,0.900921126043115,0.975029669666895
1984-12-01T00:00:00Z,0.841268671547663,0.899198628460339,0.974238120814237
1985-01-01T00:00:00Z,0.859006607886493,0.912754021501015,0.977904507366834
1985-02-01T00:00:00Z,0.81498344036794,0.878580704257028,0.967548987145502
1985-03-01T00:00:00Z,0.79223106964509,0.860694577514512,0.962078928193032
1985-04-01T00:00:00Z,0.778709775282151,0.849864386501904,0.958580583256768
1985-05-01T00:00:00Z,0.778122274321142,0.849309178188629,0.958423272825476
1985-06-01T00:00:00Z,0.769359132769043,0.842050086397094,0.955809233796969
1985-07-01T00:00:00Z,0.774123495834251,0.845829952310396,0.957053999564509
1985-08-01T00:00:00Z,0.788574255864026,0.857547680474126,0.960755834870028
1985-09-01T00:00:00Z,0.820118508077587,0.882547107333955,0.96859106493429
1985-10-01T00:00:00Z,0.833328106064986,0.893109075008714,0.972241852968178
1985-11-01T00:00:00Z,0.845182677761576,0.902723223342676,0.975675303336278
1985-12-01T00:00:00Z,0.84304331493032,0.901848616149242,0.976355128081561
1986-01-01T00:00:00Z,0.852931549839771,0.909857467974323,0.979298837405317
1986-02-01T00:00:00Z,0.884288681249126,0.93423546299469,0.987031445429473
1986-03-01T00:00:00Z,0.8876261243969,0.937373067208393,0.98862159940373
1986-04-01T00:00:00Z,0.894460717761373,0.943435710423561,0.991523549887267
1986-05-01T00:00:00Z,0.917742445897842,0.962117460234325,0.997974399205387
1986-06-01T00:00:00Z,0.947240801007773,0.985505636172021,1.00565188128573
1986-07-01T00:00:00Z,1.00274193682417,1.02798562755941,1.01851680835332
1986-08-01T00:00:00Z,1.02020810535736,1.04223179368404,1.02404818572721
1986-09-01T00:00:00Z,1.04026772140364,1.05814142404911,1.02967164093823
1986-10-01T00:00:00Z,1.01924807459638,1.04257363556917,1.02582701510919
1986-11-01T00:00:00Z,1.00804582601971,1.03380598691376,1.02328081370379
1986-12-01T00:00:00Z,1.0216305573327,1.04441415533521,1.02667721106814
1987-01-01T00:00:00Z,1.05551924006169,1.06968602304347,1.03382623276162
1987-02-01T00:00:00Z,1.01463234812108,1.03919940890032,1.02547337806307
1987-03-01T00:00:00Z,0.986399030907021,1.01811688191505,1.01977481588952
1987-04-01T00:00:00Z,0.984134221173813,1.01646191353149,1.01946902605311
1987-05-01T00:00:00Z,0.989488772775399,1.0215494867919,1.02164046448144
1987-06-01T00:00:00Z,1.02241079815159,1.04708811326269,1.02949227238863
1987-07-01T00:00:00Z,1.0773726334527,1.0888315768803,1.041704512251
1987-08-01T00:00:00Z,1.16187972589944,1.15110481778159,1.05881831798322
1987-09-01T00:00:00Z,1.29186496275662,1.24369173951481,1.08274047803019
1987-10-01T00:00:00Z,1.49544959612291,1.38091340518882,1.11477121761921
1987-11-01T00:00:00Z,1.30735409513779,1.25378315661342,1.08452818377753
1987-12-01T00:00:00Z,1.18542688599476,1.16597698878473,1.06052329294605
1988-01-01T00:00:00Z,1.08957235308594,1.0934767093201,1.03832674295984
1988-02-01T00:00:00Z,1.0238287414892,1.04033732901715,1.01993592697383
1988-03-01T00:00:00Z,0.945358181870356,0.980867801096897,1.00132285650784
1988-04-01T00:00:00Z,0.891011349660367,0.937906748130554,0.986639132171616
1988-05-01T00:00:00Z,0.858788767083701,0.912067268001278,0.976997843700093
1988-06-01T00:00:00Z,0.845608983079962,0.90058181317643,0.971687396499973
1988-07-01T00:00:00Z,0.811545180604636,0.873146587163148,0.962283089982024
1988-08-01T00:00:00Z,0.78785966462295,0.853867583537297,0.955368990227927
1988-09-01T00:00:00Z,0.772526895405496,0.841051980941915,0.950380947611779
1988-10-01T00:00:00Z,0.763292961858537,0.83236760131677,0.946296707931806
1988-11-01T00:00:00Z,0.762685307392615,0.830962460995782,0.944906688802782
1988-12-01T00:00:00Z,0.75887416830914,0.827680214506786,0.943762976460182
1989-01-01T00:00:00Z,0.759976437465483,0.828621973423614,0.9446899746108
1989-02-01T00:00:00Z,0.75340933492555,0.822574102885997,0.94278196082278
1989-03-01T00:00:00Z,0.750073442089417,0.821524265634744,0.943032410328546
1989-04-01T00:00:00Z,0.756444655049135,0.827045068935773,0.945118834080287
1989-05-01T00:00:00Z,0.765255131118914,0.83350361985405,0.947209873181952
1989-06-01T00:00:00Z,0.773674510914627,0.841807245857892,0.950849938400486
1989-07-01T00:00:00Z,0.793273703222433,0.858357887675793,0.957003912048128
1989-08-01T00:00:00Z,0.792908502288963,0.858040940569637,0.956452334816793
1989-09-01T00:00:00Z,0.808398843017995,0.870054973293904,0.959819054771764
1989-10-01T00:00:00Z,0.838891669527041,0.893375174935283,0.966470122228894
1989-11-01T00:00:00Z,0.844510925844702,0.898492025072709,0.968926739389964
1989-12-01T00:00:00Z,0.869896769533453,0.91908851294493,0.975984627395369
1990-01-01T00:00:00Z,0.91884895379438,0.956834522034067,0.987683177590376
1990-02-01T00:00:00Z,0.908978929024373,0.950257810588778,0.986930851431125
1990-03-01T00:00:00Z,0.916072008076678,0.956893411646353,0.990264353152891
1990-04-01T00:00:00Z,0.945925221541873,0.98009695080506,0.997903182937958
1990-05-01T00:00:00Z,0.979330900020776,1.00656834041599,1.00680194675025
1990-06-01T00:00:00Z,0.990593850863844,1.01572945297275,1.00967235748004
1990-07-01T00:00:00Z,1.02893190023231,1.04412150024057,1.01734777440499
1990-08-01T00:00:00Z,1.09224262992415,1.08971005454025,1.02924739992972
1990-09-01T00:00:00Z,1.07134549079002,1.07435898316673,1.0248617449044
1990-10-01T00:00:00Z,1.03708933607709,1.04963935116941,1.01829090043736
1990-11-01T00:00:00Z,1.01450145489948,1.032880471218,1.0136345331021
1990-12-01T00:00:00Z,0.982641877450561,1.00864502611788,1.00632321808131
1991-01-01T00:00:00Z,0.978628216359158,1.00472607530611,1.00435117899517
1991-02-01T00:00:00Z,0.963424583179692,0.992783767946322,1.00029176563222
1991-03-01T00:00:00Z,0.919630576471995,0.959463297677863,0.990513637970612
1991-04-01T00:00:00Z,0.889791715015109,0.936915544380967,0.984139557962341
1991-05-01T00:00:00Z,0.883687136304674,0.931880619148314,0.982361136405146
1991-06-01T00:00:00Z,0.882022853429035,0.930564491930056,0.982040469795071
1991-07-01T00:00:00Z,0.864979767720366,0.917152571700615,0.97787812431880194
1991-08-01T00:00:00Z,0.848825864753886,0.904559068607649,0.97414256826438
1991-09-01T00:00:00Z,0.849536631328755,0.904976636778408,0.974403052256234
1991-10-01T00:00:00Z,0.865113636544064,0.916835366946565,0.977991361185841
1991-11-01T00:00:00Z,0.894771884449113,0.939854942075953,0.985067827214259
1991-12-01T00:00:00Z,0.915937385982634,0.956219926767082,0.990160462314907
1992-01-01T00:00:00Z,0.884925164401757,0.930712454629489,0.980765543749053
1992-02-01T00:00:00Z,0.84299128029349,0.897711666429286,0.970023120632796
1992-03-01T00:00:00Z,0.813698630757164,0.874320031921647,0.962058548635985
1992-04-01T00:00:00Z,0.792579860497797,0.856773330142731,0.955227019213173
1992-05-01T00:00:00Z,0.772889982991065,0.84078526222277,0.949063923225247
1992-06-01T00:00:00Z,0.770851394590893,0.838427290344391,0.947093751277383
1992-07-01T00:00:00Z,0.758337893344359,0.828279361161143,0.943370017947865
1992-08-01T00:00:00Z,0.748804470037422,0.820322941933298,0.940169018567992
1992-09-01T00:00:00Z,0.733098303739659,0.807569108259783,0.935704183123727
1992-10-01T00:00:00Z,0.729404454426766,0.804155861376798,0.934008199128377
1992-11-01T00:00:00Z,0.736294530903324,0.80883355112343,0.934582747593972
1992-12-01T00:00:00Z,0.725275481264898,0.799525976773913,0.930924134769877
1993-01-01T00:00:00Z,0.720712406485403,0.795498619419117,0.929209633973494
1993-02-01T00:00:00Z,0.717621555451837,0.793015507596021,0.92847255769745
1993-03-01T00:00:00Z,0.71478445122171,0.790731278827343,0.927580758330945
1993-04-01T00:00:00Z,0.715458535203449,0.791368093663555,0.928009163111217
1993-05-01T00:00:00Z,0.703644719067665,0.78210173212063006,0.925071321500163
1993-06-01T00:00:00Z,0.68980369937293,0.770914130507727,0.921321869436425
1993-07-01T00:00:00Z,0.681614500352692,0.764164762325684,0.918791462560014
1993-08-01T00:00:00Z,0.682700082152322,0.765151332334008,0.918997704666383
1993-09-01T00:00:00Z,0.680426409869193,0.763259883991459,0.918117336034586
1993-10-01T00:00:00Z,0.686611966402998,0.768087720712631,0.919287737031398
1993-11-01T00:00:00Z,0.694518173292769,0.774315390016577,0.920930626924209
1993-12-01T00:00:00Z,0.696733362654884,0.776263225795832,0.921653344074544
1994-01-01T00:00:00Z,0.699348170232599,0.778626286452471,0.922927972167375
1994-02-01T00:00:00Z,0.705998549295666,0.784128019771509,0.92517459120249
1994-03-01T00:00:00Z,0.716008710589874,0.791860968652553,0.927515338548848
1994-04-01T00:00:00Z,0.697312440883358,0.777219557336403,0.923069372894787
1994-05-01T00:00:00Z,0.692620845464979,0.773539819428917,0.921879046390431
1994-06-01T00:00:00Z,0.694908921405485,0.775397870321314,0.922685399939981
1994-07-01T00:00:00Z,0.69090650087971,0.772114182971857,0.921727790424084
1994-08-01T00:00:00Z,0.693621065656247,0.774211994802187,0.922529970784649
1994-09-01T00:00:00Z,0.69001525841391,0.771095421914683,0.921391638906647
1994-10-01T00:00:00Z,0.68927880838731,0.769987882900175,0.920446079322556
1994-11-01T00:00:00Z,0.698349988441669,0.776821460299153,0.921987745687703
1994-12-01T00:00:00Z,0.684427189675706,0.765161473699982,0.917678862739463
1995-01-01T00:00:00Z,0.676352815602268,0.758763413289137,0.915624842368668
1995-02-01T00:00:00Z,0.672029202614986,0.755366967681154,0.914731698692418
1995-03-01T00:00:00Z,0.661575560920284,0.747014763453531,0.912171349098101
1995-04-01T00:00:00Z,0.660825296759581,0.746472501363186,0.912142689667211
1995-05-01T00:00:00Z,0.666712704760388,0.751314417684578,0.913885700716257
1995-06-01T00:00:00Z,0.67957892754474,0.761174869158787,0.916544394570891
1995-07-01T00:00:00Z,0.68980298967562,0.768610113538164,0.918542026779426
1995-08-01T00:00:00Z,0.687921879635873,0.767978289372001,0.91870346266428
1995-09-01T00:00:00Z,0.697460287488905,0.775903583168164,0.921421613573362
1995-10-01T00:00:00Z,0.713250604735065,0.788279947344427,0.924998831463752
1995-11-01T00:00:00Z,0.708482413930908,0.785317501008079,0.925204005476465
1995-12-01T00:00:00Z,0.69534160734961,0.775358704294529,0.922769483777556
1996-01-01T00:00:00Z,0.691036922301462,0.772218016355897,0.922353520182837
1996-02-01T00:00:00Z,0.695879393301784,0.776361372912408,0.924266926117107
1996-03-01T00:00:00Z,0.709547535746413,0.7876337059852,0.928535776174999
1996-04-01T00:00:00Z,0.731999142029696,0.805665228562559,0.934786782155156
1996-05-01T00:00:00Z,0.754067592060495,0.823506134419744,0.941069252054251
1996-06-01T00:00:00Z,0.783585804222515,0.847529895835808,0.949585346366004
1996-07-01T00:00:00Z,0.8181755527077,0.875467369838963,0.959625664312217
1996-08-01T00:00:00Z,0.811670835680622,0.871390656885125,0.959806467546526
1996-09-01T00:00:00Z,0.798895079756907,0.862939517411347,0.959226627784021
1996-10-01T00:00:00Z,0.797772412338723,0.862977881208228,0.96064230585308
1996-11-01T00:00:00Z,0.805328158292489,0.869952171857672,0.964203410219053
1996-12-01T00:00:00Z,0.804071032594141,0.86947317105851,0.964898849837132
1997-01-01T00:00:00Z,0.815876885168478,0.879081573962349,0.968528638785463
1997-02-01T00:00:00Z,0.83034049381378106,0.890933560265586,0.972870122588804
1997-03-01T00:00:00Z,0.85453760563671,0.910160835351493,0.979181190697401
1997-04-01T00:00:00Z,0.870913845428919,0.923198723706575,0.983363638050722
1997-05-01T00:00:00Z,0.900802270211488,0.946012243519949,0.989935461624501
1997-06-01T00:00:00Z,0.894573460229241,0.942211800671314,0.989951254735838
1997-07-01T00:00:00Z,0.902387624905652,0.949268646121183,0.993466827469464
1997-08-01T00:00:00Z,0.904488911318382,0.951034176980188,0.994252531636438
1997-09-01T00:00:00Z,0.91676404666311,0.960109439090536,0.996679459910498
1997-10-01T00:00:00Z,0.912047084320247,0.957016315012433,0.996434757882868
1997-11-01T00:00:00Z,0.895955709551748,0.944813981545327,0.993124368549682
1997-12-01T00:00:00Z,0.895832824127937,0.944716698898898,0.993263248646823
1998-01-01T00:00:00Z,0.909392201006205,0.955173157417466,0.99640193721839
1998-02-01T00:00:00Z,0.938326169080314,0.977594701485163,1.00323930243035
1998-03-01T00:00:00Z,0.945071282428334,0.983441667239264,1.00564899022208
1998-04-01T00:00:00Z,0.967536337930293,1.00112558407886,1.01144939546902
1998-05-01T00:00:00Z,1.01726676883638,1.0390326452561,1.02282766913845
1998-06-01T00:00:00Z,1.07766233419689,1.08467795647492,1.03656687143105
1998-07-01T00:00:00Z,1.17464030624889,1.1548570138031,1.05582830978642
1998-08-01T00:00:00Z,1.27747216972516,1.22806779709808,1.07583164063123
1998-09-01T00:00:00Z,1.19136850507276,1.16962472922963,1.06297342899687
1998-10-01T00:00:00Z,1.1229333026365,1.12121387504196,1.05118932299989
1998-11-01T00:00:00Z,1.07678859921103,1.08710251784922,1.04194899394212
1998-12-01T00:00:00Z,1.0485766223752,1.06551813070046,1.03559205710467
1999-01-01T00:00:00Z,1.03542084143416,1.05434477614712,1.03137643437153
1999-02-01T00:00:00Z,1.03796338966468,1.05454381367811,1.03015893733389
1999-03-01T00:00:00Z,1.02550094478121,1.04544780883154,1.0278194264459
1999-04-01T00:00:00Z,1.0324519597024,1.04981202518819,1.02870101110976
1999-05-01T00:00:00Z,1.00925428312591,1.03276531331095,1.02485532339963
1999-06-01T00:00:00Z,1.00069004385985,1.02811331769022,1.02489711218734
1999-07-01T00:00:00Z,0.996247124529088,1.02598098510182,1.02550718267221
1999-08-01T00:00:00Z,1.00621480125039,1.03400669095969,1.02833780087137
1999-09-01T00:00:00Z,1.0235400951813,1.04813328731874,1.03347855179846
1999-10-01T00:00:00Z,1.05047491172361,1.06894396280624,1.04026564280777
1999-11-01T00:00:00Z,1.09029680488341,1.09827101163482,1.04840944515569
1999-12-01T00:00:00Z,1.13943013394891,1.13388459009083,1.0580439246038
2000-01-01T00:00:00Z,1.1859823255239,1.16681960416468,1.06617514688558
2000-02-01T00:00:00Z,1.24094281730373,1.20363927012494,1.07440230008301
2000-03-01T00:00:00Z,1.24088744035021,1.20470441304569,1.07521797988367
2000-04-01T00:00:00Z,1.21180178287313,1.18408335764557,1.06995358740077
2000-05-01T00:00:00Z,1.18822155890145,1.16660394237338,1.06544090100257
2000-06-01T00:00:00Z,1.17405093038956,1.15711975475668,1.0635244974411
2000-07-01T00:00:00Z,1.14170783282127,1.13607589921601,1.0596107103659
2000-08-01T00:00:00Z,1.13371993438584,1.13137441800604,1.0593433071395
2000-09-01T00:00:00Z,1.12501295471286,1.12573932890001,1.05831175934193
2000-10-01T00:00:00Z,1.12811651202478,1.12860504936938,1.05927312049215
2000-11-01T00:00:00Z,1.14882004068424,1.14373664367404,1.06339639898093
2000-12-01T00:00:00Z,1.16134664041216,1.15187271500001,1.06462264836988
2001-01-01T00:00:00Z,1.14965141889163,1.14353661669425,1.06270430722178
2001-02-01T00:00:00Z,1.12529819634975,1.12651532698118,1.0589007260632
2001-03-01T00:00:00Z,1.09984164475242,1.10751523365257,1.053360634676
2001-04-01T00:00:00Z,1.08552932812333,1.09689978021818,1.04996631372725
2001-05-01T00:00:00Z,1.06963826275587,1.08434562399125,1.04539971181783
2001-06-01T00:00:00Z,1.0713619100931,1.08503569032658,1.044714678518
2001-07-01T00:00:00Z,1.09267342800133,1.10023288656848,1.0480592798322
2001-08-01T00:00:00Z,1.12872250753626,1.12617668671892,1.05443814429881
2001-09-01T00:00:00Z,1.18986635594569,1.16781104508706,1.06357605285357
2001-10-01T00:00:00Z,1.14069287448663,1.1332417455392,1.05491019625606
2001-11-01T00:00:00Z,1.10059401333951,1.10380575855804,1.0470858123294
2001-12-01T00:00:00Z,1.06134655755998,1.07494457385862,1.03887155688604
2002-01-01T00:00:00Z,1.04121260411145,1.05988027696206,1.0343435693994
2002-02-01T00:00:00Z,1.04078249091744,1.05901709854125,1.03334741867568
2002-03-01T00:00:00Z,1.05756568338852,1.07057858159941,1.03570513251048
2002-04-01T00:00:00Z,1.06591889931279,1.07746151167776,1.03818374958376
2002-05-01T00:00:00Z,1.09119103375208,1.0957546730351,1.04259604765029
2002-06-01T00:00:00Z,1.14339789597976,1.13345562926912,1.0524401563091
2002-07-01T00:00:00Z,1.1979175555187,1.17126968446307,1.06096825922461
2002-08-01T00:00:00Z,1.16014314032673,1.14608602322644,1.05556755103686
2002-09-01T00:00:00Z,1.16301749115416,1.14871714077441,1.05661315854802
2002-10-01T00:00:00Z,1.11309178520233,1.11270048758564,1.04686671116626
2002-11-01T00:00:00Z,1.07851636412482,1.08574746885398,1.0379332809725
2002-12-01T00:00:00Z,1.03851871494775,1.05516534641891,1.02829191485306
2003-01-01T00:00:00Z,0.992192586311117,1.01966754340908,1.0170317427221
2003-02-01T00:00:00Z,0.966434946242644,0.999119605023493,1.00978846491081
2003-03-01T00:00:00Z,0.955457022244264,0.989676985377334,1.00563218991015
2003-04-01T00:00:00Z,0.971443969349516,0.999758059311043,1.00648864347344
2003-05-01T00:00:00Z,0.952998207360451,0.984851602727212,1.00082797631989
2003-06-01T00:00:00Z,0.905399339608692,0.948267586496223,0.989029094961304
2003-07-01T00:00:00Z,0.884537278273355,0.93098915614925,0.982277739707581
2003-08-01T00:00:00Z,0.863372183266228,0.913860329209421,0.975901333152329
2003-09-01T00:00:00Z,0.85302287561333,0.904725195940601,0.97167968974804
2003-10-01T00:00:00Z,0.854588498575364,0.904784697328093,0.970352871075487
2003-11-01T00:00:00Z,0.812224141879481,0.872110077426679,0.960107004336914
2003-12-01T00:00:00Z,0.791115121039962,0.85529334078528,0.954364291242998
2004-01-01T00:00:00Z,0.771677988699049,0.839118227917348,0.947962455594035
2004-02-01T00:00:00Z,0.756645496322099,0.82696399300369,0.943464257180301
2004-03-01T00:00:00Z,0.755011376765827,0.825027805636173,0.941972592366623
2004-04-01T00:00:00Z,0.766109201760298,0.833106751293431,0.943518979313087
2004-05-01T00:00:00Z,0.761520830689429,0.82932834716205,0.941922526106821
2004-06-01T00:00:00Z,0.771601408986804,0.837095181529927,0.943750017699227
2004-07-01T00:00:00Z,0.791820001476987,0.852445078926146,0.94782448116258
2004-08-01T00:00:00Z,0.774423501588998,0.838532645729188,0.943135341788655
2004-09-01T00:00:00Z,0.774139244405891,0.837417339250871,0.941784174718733
2004-10-01T00:00:00Z,0.782069814437692,0.841581575759372,0.942000044843422
2004-11-01T00:00:00Z,0.811950213594764,0.859160858520501,0.945446253173519
2004-12-01T00:00:00Z,0.787095483627579,0.84457917460023,0.942030655476709
2005-01-01T00:00:00Z,0.781276562052824,0.841102339229188,0.940881364351263
2005-02-01T00:00:00Z,0.774629048861835,0.836155434494709,0.939074062144741
2005-03-01T00:00:00Z,0.774755197286307,0.836971406507907,0.939068489371791
2005-04-01T00:00:00Z,0.782405269737683,0.84273068801014706,0.940286088555166
2005-05-01T00:00:00Z,0.773101243289059,0.83584702239521,0.938397226711835
2005-06-01T00:00:00Z,0.753703101611653,0.820812932400798,0.93388908935719
2005-07-01T00:00:00Z,0.748891005396422,0.816640237675779,0.932201190169628
2005-08-01T00:00:00Z,0.735464051048479,0.805624151938365,0.928544086861795
2005-09-01T00:00:00Z,0.727393388678645,0.798678854349805,0.926049623280833
2005-10-01T00:00:00Z,0.733718877010063,0.802509903224054,0.926672692287255
2005-11-01T00:00:00Z,0.738899507482219,0.803059058211621,0.925610760198889
2005-12-01T00:00:00Z,0.727329412335072,0.795248773426351,0.922659930979167
2006-01-01T00:00:00Z,0.735302128281321,0.800835378555279,0.923329141020821
2006-02-01T00:00:00Z,0.718797077541743,0.787679052023121,0.919245597201124
2006-03-01T00:00:00Z,0.708210165161865,0.780745021490846,0.917756202922765
2006-04-01T00:00:00Z,0.701492622217355,0.776320739702524,0.917302098042673
2006-05-01T00:00:00Z,0.707577898862679,0.781491396064791,0.919528971882672
2006-06-01T00:00:00Z,0.688637525806459,0.767418204551573,0.915861220109883
2006-07-01T00:00:00Z,0.685010954346839,0.76502596367663,0.915685971603521
2006-08-01T00:00:00Z,0.668549074096473,0.752209230348351,0.912242182713732
2006-09-01T00:00:00Z,0.656865396477599,0.742933294295022,0.90969161885798
2006-10-01T00:00:00Z,0.656798918040271,0.742668337087437,0.909660096516006
2006-11-01T00:00:00Z,0.647853705439627,0.73495690100594,0.907235809116047
2006-12-01T00:00:00Z,0.641686353322365,0.730108148636914,0.906183095701146
2007-01-01T00:00:00Z,0.643933262961562,0.732326628571756,0.907452107266316
2007-02-01T00:00:00Z,0.651182650124714,0.738682215803923,0.910148249978934
2007-03-01T00:00:00Z,0.663093877827151,0.74897961849164,0.914258208668955
2007-04-01T00:00:00Z,0.686325672344459,0.768408697428109,0.921595676100144
2007-05-01T00:00:00Z,0.71400557011932,0.79059552354759,0.929171287797218
2007-06-01T00:00:00Z,0.742872757985342,0.814488305764129,0.937612545654383
2007-07-01T00:00:00Z,0.779322863858605,0.843942719021489,0.947560989350904
2007-08-01T00:00:00Z,0.787060693113524,0.851557839142803,0.951887853253647
2007-09-01T00:00:00Z,0.809600541891188,0.870597041106175,0.959873015235582
2007-10-01T00:00:00Z,0.845313457486079,0.899552233639829,0.970300196121269
2007-11-01T00:00:00Z,0.899142019983461,0.94184899983783,0.984206520725275
2007-12-01T00:00:00Z,0.914442550301317,0.956026389455188,0.991342753559535
2008-01-01T00:00:00Z,0.954483283597541,0.988391710357309,1.00328294901156
2008-02-01T00:00:00Z,0.96545710147624,0.99839905978535,1.00854674312044
2008-03-01T00:00:00Z,0.987277450297422,1.01648398561783,1.01599083521449
2008-04-01T00:00:00Z,1.03519513587901,1.05360206343365,1.02839325629606
2008-05-01T00:00:00Z,1.09287273699692,1.09814269663255,1.04278920516381
2008-06-01T00:00:00Z,1.18264400838114,1.16494475515727,1.0623662545209
2008-07-01T00:00:00Z,1.22535272769535,1.1979548307979,1.07341211291574
2008-08-01T00:00:00Z,1.29822087075393,1.25200782596411,1.08953028583611
2008-09-01T00:00:00Z,1.42518560537356,1.34198202210708,1.11364236746787
2008-10-01T00:00:00Z,1.54580848156662,1.42325736425829,1.13314254309887
2008-11-01T00:00:00Z,1.49067514227939,1.38663388258463,1.12479448261086
2008-12-01T00:00:00Z,1.44868515583816,1.3570837365033,1.11662459561643
2009-01-01T00:00:00Z,1.45881850167104,1.36122356829547,1.11536928489406
2009-02-01T00:00:00Z,1.43322033349272,1.3430597346429,1.10998556318256
2009-03-01T00:00:00Z,1.38876491708625,1.31167080323003,1.10109078622659
2009-04-01T00:00:00Z,1.34704228035239,1.28092800937784,1.09173189958796
2009-05-01T00:00:00Z,1.24557228001936,1.2083770047982,1.07274628904522
2009-06-01T00:00:00Z,1.18200604527379,1.16127355683524,1.0588857380976
2009-07-01T00:00:00Z,1.15474306476291,1.13978972052152,1.05101066574903
2009-08-01T00:00:00Z,1.10045945076612,1.10007939490872,1.03945901045635
2009-09-01T00:00:00Z,1.07719777654006,1.08176801253468,1.03308431404266
2009-10-01T00:00:00Z,1.06579906182257,1.07225052213181,1.02915781065364
2009-11-01T00:00:00Z,1.03899929202775,1.05315901536548,1.02411246359766
2009-12-01T00:00:00Z,1.02960458562899,1.04570825591789,1.02140304851271
2010-01-01T00:00:00Z,1.02711907435466,1.04385241952489,1.02067888992573
2010-02-01T00:00:00Z,1.03339414784057,1.04787348445236,1.02140119665841
2010-03-01T00:00:00Z,1.04932974546872,1.05954672897058,1.02464927873274
2010-04-01T00:00:00Z,1.06673735813259,1.07221723255234,1.02808735596943
2010-05-01T00:00:00Z,1.1095238786982,1.10245182299879,1.0358793902826
2010-06-01T00:00:00Z,1.11383266651661,1.10565783276584,1.03668595893353
2010-07-01T00:00:00Z,1.11224056150976,1.10439362583552,1.03620072382059
2010-08-01T00:00:00Z,1.11114125839586,1.10304709150783,1.03490810578021
2010-09-01T00:00:00Z,1.09068317925921,1.08830073812816,1.03063975878529
2010-10-01T00:00:00Z,1.01176290924491,1.0309322879425,1.01495884705886
2010-11-01T00:00:00Z,0.96622351187049,0.996550341566484,1.00466336841842
2010-12-01T00:00:00Z,0.946837703666402,0.980974673629052,0.999253663925635
2011-01-01T00:00:00Z,0.904633752560918,0.948680950789373,0.989349983016061
2011-02-01T00:00:00Z,0.884449120374995,0.932881274591486,0.984183670733352
2011-03-01T00:00:00Z,0.868385702990296,0.920486466106758,0.980312055232238
2011-04-01T00:00:00Z,0.871500086853451,0.922665481879946,0.980691224416613
2011-05-01T00:00:00Z,0.893734289770238,0.939065795141544,0.984925250098434
2011-06-01T00:00:00Z,0.928195995521137,0.965287193828229,0.992438221736792
2011-07-01T00:00:00Z,0.98750474684744,1.0092893341113,1.00462583069386
2011-08-01T00:00:00Z,1.06324926589427,1.06393555250472,1.01877354934266
2011-09-01T00:00:00Z,1.1117845954056,1.09885533481621,1.02780703515513
2011-10-01T00:00:00Z,1.11039861125011,1.09793300650289,1.02738789275398
2011-11-01T00:00:00Z,1.01730915547974,1.03097999533693,1.00942086527576
2011-12-01T00:00:00Z,0.953138626907511,0.983579718071993,0.996158476402727
2012-01-01T00:00:00Z,0.920146891572032,0.9581880292927,0.988181950840477
2012-02-01T00:00:00Z,0.875685615844511,0.923867315867229,0.977490766743587
2012-03-01T00:00:00Z,0.852015858497455,0.904752050254831,0.970690160125181
2012-04-01T00:00:00Z,0.845909673133122,0.899225793760912,0.967886144990207
2012-05-01T00:00:00Z,0.859230725125315,0.90828595815864,0.969323847510927
2012-06-01T00:00:00Z,0.82487793599512,0.881454466011269,0.960541646973862
2012-07-01T00:00:00Z,0.794045205809118,0.856701936960177,0.952113033404679
2012-08-01T00:00:00Z,0.772104003390538,0.838561055568011,0.94565581822986
2012-09-01T00:00:00Z,0.752951403924491,0.822712267235575,0.94000487516787
2012-10-01T00:00:00Z,0.745256366935038,0.815639872096813,0.937106815604073
2012-11-01T00:00:00Z,0.74157606497673,0.811170153931531,0.934890595728655
2012-12-01T00:00:00Z,0.750667882090616,0.816767004267775,0.935858330971843
2013-01-01T00:00:00Z,0.760293338173345,0.825905211985376,0.938691100586611
2013-02-01T00:00:00Z,0.749295580750051,0.817507859485003,0.935938336522164
2013-03-01T00:00:00Z,0.75529321867385,0.821821037124029,0.936883191922868
2013-04-01T00:00:00Z,0.754394210667634,0.821534369054273,0.936736512250133
2013-05-01T00:00:00Z,0.766906171998861,0.831229063130619,0.939600310265741
2013-06-01T00:00:00Z,0.776178723448421,0.838918025324467,0.942278514932775
2013-07-01T00:00:00Z,0.798534496877511,0.856071640510656,0.947224988368295
2013-08-01T00:00:00Z,0.797228345691125,0.855409297955809,0.947383553121615
2013-09-01T00:00:00Z,0.790551293280264,0.850570750140361,0.946017005768454
2013-10-01T00:00:00Z,0.771470248254477,0.835707111059387,0.941864948701133
2013-11-01T00:00:00Z,0.765827043100467,0.829970018581919,0.939734518697148
2013-12-01T00:00:00Z,0.767236560875101,0.830208533930164,0.939742142671011
2014-01-01T00:00:00Z,0.776607232140528,0.838519074558259,0.942405581090365
2014-02-01T00:00:00Z,0.775825366356965,0.837702247826355,0.941758933873733
2014-03-01T00:00:00Z,0.762796986609616,0.828244768855293,0.938797320873746
2014-04-01T00:00:00Z,0.760148818115043,0.826582881258281,0.937646824438051
2014-05-01T00:00:00Z,0.762459830818414,0.828434225705838,0.937809757627573
2014-06-01T00:00:00Z,0.781464328013884,0.842949802253977,0.94169590744594
2014-07-01T00:00:00Z,0.810315977906449,0.864540119144523,0.947655820625051
2014-08-01T00:00:00Z,0.815971830582512,0.869419959919471,0.949826455647518
2014-09-01T00:00:00Z,0.82460869228491,0.875670389663805,0.951510537643096
2014-10-01T00:00:00Z,0.810076393218692,0.865290705300771,0.949491845775751
2014-11-01T00:00:00Z,0.794944609539445,0.854935041974025,0.948016961134147
2014-12-01T00:00:00Z,0.792430195541267,0.853893509923186,0.949012396772194
2015-01-01T00:00:00Z,0.805754941478416,0.865130623623155,0.953640347787951
2015-02-01T00:00:00Z,0.810838836376385,0.870394835418108,0.956660442085434
2015-03-01T00:00:00Z,0.789612477676181,0.854602252742474,0.952948203823421
2015-04-01T00:00:00Z,0.785527037591952,0.851599415968628,0.952494055442573
2015-05-01T00:00:00Z,0.790581510705463,0.85595400429519,0.954557337344148
2015-06-01T00:00:00Z,0.808396362549921,0.870343191958807,0.959742393534935
2015-07-01T00:00:00Z,0.839868706122813,0.894822232235208,0.967411757608809
2015-08-01T00:00:00Z,0.870049462603033,0.919048359735768,0.975791910350586
2015-09-01T00:00:00Z,0.882892342158543,0.928576923635283,0.978170358077386
2015-10-01T00:00:00Z,0.888876150837766,0.933200437479491,0.979597590450279
2015-11-01T00:00:00Z,0.878699784125036,0.924901029038949,0.976321354036397
2015-12-01T00:00:00Z,0.891998509384688,0.93400192367175,0.977793884266679
2016-01-01T00:00:00Z,0.900762801002038,0.940502155080021,0.979375420201491
2016-02-01T00:00:00Z,0.865944330399859,0.913930673271091,0.971223231124881
2016-03-01T00:00:00Z,0.853107597349341,0.903451609471009,0.967441418863279
2016-04-01T00:00:00Z,0.813280022480895,0.872394958769101,0.957582261641746
2016-05-01T00:00:00Z,0.789106752563073,0.852975793892804,0.9508165437905
2016-06-01T00:00:00Z,0.779862471290674,0.844900704507039,0.947238231437173
2016-07-01T00:00:00Z,0.781674089803597,0.845323171447243,0.946035028193152
2016-08-01T00:00:00Z,0.776429223047767,0.840395485197572,0.943451786141397
2016-09-01T00:00:00Z,0.785121652982067,0.846341749290361,0.944362199994778
2016-10-01T00:00:00Z,0.8095394344689,0.863815343916402,0.94820588353548
2016-11-01T00:00:00Z,0.825885201779647,0.874437761546159,0.949792017042579
2016-12-01T00:00:00Z,0.769010724950952,0.831577169149162,0.937331438653989
2017-01-01T00:00:00Z,0.732060178611976,0.80286222664716,0.928572834204547
2017-02-01T00:00:00Z,0.705822350892573,0.781898744679351,0.921805331963093
2017-03-01T00:00:00Z,0.68825646679474,0.766982477493256,0.915872371610984
2017-04-01T00:00:00Z,0.67937344563017,0.759350983083857,0.912651720243351
2017-05-01T00:00:00Z,0.682298923692127,0.760774223797959,0.912043482729136
2017-06-01T00:00:00Z,0.683480748039747,0.761816305482915,0.91208390833373
2017-07-01T00:00:00Z,0.687257038091991,0.764663437380067,0.912687467160526
2017-08-01T00:00:00Z,0.700711399335843,0.775208361313556,0.915783467173259
2017-09-01T00:00:00Z,0.718768430343794,0.789450123917601,0.920359110227062
2017-10-01T00:00:00Z,0.712684190357757,0.786632589035752,0.921834204195833
2017-11-01T00:00:00Z,0.715985367393965,0.790870650202177,0.925324715679947
2017-12-01T00:00:00Z,0.723643933394582,0.798284750855864,0.929382353866528
2018-01-01T00:00:00Z,0.744178722319354,0.815812563264454,0.93660196271227
2018-02-01T00:00:00Z,0.7663107521517,0.833636025293439,0.942720952198513
2018-03-01T00:00:00Z,0.762579604314434,0.831214476477811,0.942751412897429
2018-04-01T00:00:00Z,0.771352433103793,0.838478008513856,0.945478972634801
2018-05-01T00:00:00Z,0.793691181933594,0.855967326013707,0.951007050947227
2018-06-01T00:00:00Z,0.806890448030437,0.86720197183019,0.955654551146689
2018-07-01T00:00:00Z,0.83747126902243,0.891662567182661,0.964174114067156
2018-08-01T00:00:00Z,0.883579968133545,0.927560553559475,0.975649808617319
2018-09-01T00:00:00Z,0.944383528951671,0.974147134426287,0.989630568072893
2018-10-01T00:00:00Z,1.0312172792813,1.0389149073717,1.00835767276147
2018-11-01T00:00:00Z,1.05608722306858,1.05886381467826,1.01571226322811
2018-12-01T00:00:00Z,1.11521971616672,1.10168823256005,1.02782172842498
