Date,GPR,GPT,GPA
1985-01-01T00:00:00Z,69.74125052130468,73.45469615521306,45.79141742750753
1985-02-01T00:00:00Z,96.6284943286837,104.80080301529998,53.2288715058963
1985-03-01T00:00:00Z,91.40965222451285,86.55987792305329,113.26219475353845
1985-04-01T00:00:00Z,73.13658247406548,71.33623029404055,81.75434987802288
1985-05-01T00:00:00Z,66.846384198136,65.5078455338298,73.43009407201622
1985-06-01T00:00:00Z,106.1726817985898,87.62693333338063,215.97637760065385
1985-07-01T00:00:00Z,78.62877828723026,59.92968133223321,167.08207645494014
1985-08-01T00:00:00Z,54.829520071217786,48.446425233247986,79.97763079595211
1985-09-01T00:00:00Z,62.77758103339123,64.70489030260626,47.91009496889374
1985-10-01T00:00:00Z,104.95154042586879,79.24043156740035,239.87749641896525
1985-11-01T00:00:00Z,81.84273388789475,82.78466358602977,69.88541167307753
1985-12-01T00:00:00Z,68.71119035657962,57.415695062695626,130.28563396928615
1986-01-01T00:00:00Z,103.38163048697935,96.19116122528546,163.42093696244936
1986-02-01T00:00:00Z,43.474956832932484,38.66536698492025,66.11467486636802
1986-03-01T00:00:00Z,78.26102733973886,75.70883740768006,101.2264672462895
1986-04-01T00:00:00Z,209.02486037275634,146.88088785104992,614.9133197408155
1986-05-01T00:00:00Z,108.64312336820674,93.54029999683668,207.49608534764684
1986-06-01T00:00:00Z,56.44685871810098,50.46923366234286,90.37482097761712
1986-07-01T00:00:00Z,43.613882106694724,39.36663046354406,63.204724921694236
1986-08-01T00:00:00Z,60.98919562493812,51.93385230396963,108.72736394905904
1986-09-01T00:00:00Z,78.75724567328419,68.69950155070504,133.51727718802692
1986-10-01T00:00:00Z,78.17910604542652,73.8943633633516,97.56065185611727
1986-11-01T00:00:00Z,71.80514853655512,61.86325161894792,122.42256072914086
1986-12-01T00:00:00Z,59.14620601403882,56.25821779977694,74.4678247358397
1987-01-01T00:00:00Z,60.19359542201047,50.802782212687006,114.07901777260412
1987-02-01T00:00:00Z,68.14627401688885,70.31662977646538,58.09222276763422
1987-03-01T00:00:00Z,74.80673147717849,81.01542490552266,41.565279578909866
1987-04-01T00:00:00Z,69.24508253499314,70.75674015306548,55.749532824555594
1987-05-01T00:00:00Z,77.51880825724756,77.821417612831425,71.85447875941733
1987-06-01T00:00:00Z,85.64830376941018,85.52900593269861,84.62762341845455
1987-07-01T00:00:00Z,66.85156950505903,71.92090503498393,42.88297108981129
1987-08-01T00:00:00Z,88.99249563724399,96.20685866184131,52.95741361582247
1987-09-01T00:00:00Z,87.46253184808633,95.08644081255225,43.40135530792232
1987-10-01T00:00:00Z,72.38053021132205,78.83813634767301,55.758476121623865
1987-11-01T00:00:00Z,66.47308529895676,59.277706164245124,97.34337301621267
1987-12-01T00:00:00Z,88.46107963728481,90.57708406123272,73.40509548777143
1988-01-01T00:00:00Z,66.94839189333497,63.84925074456406,78.47906492457169
1988-02-01T00:00:00Z,61.3633970673232,58.26384326412365,70.38970121834429
1988-03-01T00:00:00Z,66.19807881166517,52.61139231430405,124.3582110945282
1988-04-01T00:00:00Z,69.73895756229192,70.24863787104056,63.98164045546124
1988-05-01T00:00:00Z,51.23568564238863,46.70814845843127,70.77220460999636
1988-06-01T00:00:00Z,54.76294957766872,47.83247422092825,85.56060055859119
1988-07-01T00:00:00Z,69.17404451921443,63.33299959971343,99.80067290900546
1988-08-01T00:00:00Z,54.622197056523056,53.39599524180415,64.64557378978142
1988-09-01T00:00:00Z,47.44345655146024,44.72109746122884,55.96296443256402
1988-10-01T00:00:00Z,44.404660394823765,49.24314218611512,20.36941126766036
1988-11-01T00:00:00Z,43.4261319274216,35.98635163756082,74.61525694320721
1988-12-01T00:00:00Z,78.47588324511506,63.874729409619704,146.40630588393563
1989-01-01T00:00:00Z,58.02844569385469,58.38124595188031,66.16269917816106
1989-02-01T00:00:00Z,50.38768389227184,52.82659726703497,50.34955393290622
1989-03-01T00:00:00Z,48.540746673382515,43.304558711668044,76.09027098829586
1989-04-01T00:00:00Z,44.40996729488986,50.17704073232254,18.677811587267392
1989-05-01T00:00:00Z,74.09097211889127,85.9815368126468,11.085580484823817
1989-06-01T00:00:00Z,37.423367307888434,41.309008897187624,15.622819994126685
1989-07-01T00:00:00Z,35.00942025574565,35.05822094557487,35.51466801472632
1989-08-01T00:00:00Z,60.30810272204159,59.64053388490057,73.38324796442434
1989-09-01T00:00:00Z,42.651203744219096,41.18107380583536,47.67684400430119
1989-10-01T00:00:00Z,40.864781654344775,44.113241428539304,25.387727762891515
1989-11-01T00:00:00Z,49.4392308028478,53.830285340969,24.14760891605426
1989-12-01T00:00:00Z,89.39443660780513,100.0869292756603,36.396420948026595
1990-01-01T00:00:00Z,58.95110035880047,65.66933299374469,23.60122328286214
1990-02-01T00:00:00Z,59.6607935530589,64.84813209630889,31.64538779695418
1990-03-01T00:00:00Z,50.739934162441834,56.43170223566722,20.92365894971925
1990-04-01T00:00:00Z,59.24819025122075,64.17627687002884,35.90397029005776
1990-05-01T00:00:00Z,62.10092016604128,69.59075648334954,26.24881087950439
1990-06-01T00:00:00Z,52.69285693489287,55.568913156849675,36.168548801612474
1990-07-01T00:00:00Z,59.65667183543635,66.01086085607878,29.72013405052832
1990-08-01T00:00:00Z,188.06452289829176,213.0843090744734,74.28227605967281
1990-09-01T00:00:00Z,138.92310233153248,155.73360628958974,50.4515541868688
1990-10-01T00:00:00Z,110.39678945700693,123.15268716793358,50.39898032930636
1990-11-01T00:00:00Z,164.98683393931876,186.81437885213927,68.2108498692018
1990-12-01T00:00:00Z,156.11074282892397,178.40147872889497,44.08575429931402
1991-01-01T00:00:00Z,332.1564405116931,336.579198699724,348.6955798389807
1991-02-01T00:00:00Z,137.93463635128526,104.33806775216277,319.62626666208587
1991-03-01T00:00:00Z,73.78062368706185,62.5996785679502,132.98358345679713
1991-04-01T00:00:00Z,34.323022419058745,34.855816812971,28.65708991367539
1991-05-01T00:00:00Z,38.554493086652336,37.63832468612486,39.35042684429769
1991-06-01T00:00:00Z,36.51166463413946,35.1269367168114,39.7099918865677
1991-07-01T00:00:00Z,62.65331248299785,67.3382219866834,42.07895048247217
1991-08-01T00:00:00Z,50.013983669104014,55.39211023821588,25.45881121344452
1991-09-01T00:00:00Z,61.661216774620144,70.86976571083284,14.256660290133205
1991-10-01T00:00:00Z,41.547578856947695,44.96372121181946,21.58839201250548
1991-11-01T00:00:00Z,35.22176382762537,34.622607434218125,43.53079444363451
1991-12-01T00:00:00Z,44.13844891212207,46.98126576437328,28.428853762521555
1992-01-01T00:00:00Z,47.24826295926739,50.304024942966464,28.470033547756437
1992-02-01T00:00:00Z,41.08085959978225,40.375475580481016,42.41600910974227
1992-03-01T00:00:00Z,36.52230646307619,36.056183939169735,41.80920502969797
1992-04-01T00:00:00Z,31.651284803586993,32.63362109326688,27.31917760466025
1992-05-01T00:00:00Z,35.686472421976625,35.610163200254085,35.754559248743206
1992-06-01T00:00:00Z,47.005402631108105,51.72629108089502,21.945194950691885
1992-07-01T00:00:00Z,52.69184984905829,54.803608252613124,59.08841171873791
1992-08-01T00:00:00Z,54.26185622989329,52.0167463286637,64.6289512081106
1992-09-01T00:00:00Z,33.96715087388601,33.4656618584201,36.38747508894504
1992-10-01T00:00:00Z,29.560358300352537,32.43323421093526,13.26856923565325
1992-11-01T00:00:00Z,32.93620366238048,32.33540630675621,34.31623190402146
1992-12-01T00:00:00Z,53.89470723902331,60.08224618647077,19.70180289713146
1993-01-01T00:00:00Z,84.51215657185756,78.0812136701717,141.39796080418847
1993-02-01T00:00:00Z,35.57926668336474,31.97461947378968,50.90001559727486
1993-03-01T00:00:00Z,41.30986621217943,33.63207258877867,79.49655385578365
1993-04-01T00:00:00Z,46.81632821256983,45.12412113789156,58.943935022335936
1993-05-01T00:00:00Z,54.416866267814456,56.39797769008096,45.58740054034703
1993-06-01T00:00:00Z,51.858799079970886,48.221723297975174,81.83344264736914
1993-07-01T00:00:00Z,58.896840415862826,50.01901126744557,102.8091889924464
1993-08-01T00:00:00Z,48.65765507505518,37.08613851749694,116.88129736585311
1993-09-01T00:00:00Z,38.183249519452545,36.41568981513494,43.038112488349526
1993-10-01T00:00:00Z,38.64113205227845,36.337358600035316,50.046766651405036
1993-11-01T00:00:00Z,33.98276054611,35.189307326434275,27.958793019024046
1993-12-01T00:00:00Z,29.128040603255158,27.96403833194648,31.959931793930092
1994-01-01T00:00:00Z,45.058366724510734,41.98467290975197,64.2139238564601
1994-02-01T00:00:00Z,57.1089442442261,46.26905350241924,120.3034194009884
1994-03-01T00:00:00Z,33.65840675032016,29.79899988075584,50.21199558618057
1994-04-01T00:00:00Z,49.544418437272874,41.61999300824375,98.37770202604513
1994-05-01T00:00:00Z,35.06024528418168,31.71796267983301,47.645851154240084
1994-06-01T00:00:00Z,43.65446442131201,45.26733874228404,37.84997900364896
1994-07-01T00:00:00Z,41.43849060100822,41.06400033138545,43.78804291505408
1994-08-01T00:00:00Z,38.16087306105665,31.59231701080821,70.19464841502689
1994-09-01T00:00:00Z,49.99401781553182,51.44390840989404,44.487298051988255
1994-10-01T00:00:00Z,53.07969727458276,49.864386770852406,67.54840811726712
1994-11-01T00:00:00Z,37.809605949541044,30.25527047035903,77.35270405829301
1994-12-01T00:00:00Z,42.71882090444862,43.38194281762236,41.61142695530065
1995-01-01T00:00:00Z,31.767128254134537,28.32607110130356,46.57717653307967
1995-02-01T00:00:00Z,30.557266639168805,28.811557752753313,40.704788431281195
1995-03-01T00:00:00Z,28.13429712738726,23.242560940222116,51.46159915136429
1995-04-01T00:00:00Z,41.71634227946534,29.653587897617466,103.6785775182293
1995-05-01T00:00:00Z,43.76134998740028,31.24101658672991,101.80543126278887
1995-06-01T00:00:00Z,44.546725852950644,30.926283384252596,109.28207252548174
1995-07-01T00:00:00Z,43.10215150697513,39.71984622669698,61.100608672058954
1995-08-01T00:00:00Z,43.74939773385085,38.22556195232357,73.50853631826917
1995-09-01T00:00:00Z,32.52587434520412,29.16722626788686,50.287791773728664
1995-10-01T00:00:00Z,31.342939149523307,23.455423147007895,65.75664755386484
1995-11-01T00:00:00Z,29.006943420705756,24.082646810887706,51.08605006756309
1995-12-01T00:00:00Z,26.991810169735874,24.377195950898674,38.41379020275203
1996-01-01T00:00:00Z,39.63837124733537,36.61427035256875,54.738250511884075
1996-02-01T00:00:00Z,37.634161409877706,38.64286804904,34.05921954642777
1996-03-01T00:00:00Z,52.83548071524067,49.710375117174365,64.22417103173441
1996-04-01T00:00:00Z,44.96985824906619,39.85492927396507,66.69422911969349
1996-05-01T00:00:00Z,28.531323140304476,27.408700723688263,32.783424534894706
1996-06-01T00:00:00Z,30.854618604468747,26.692008837227576,49.24272210575843
1996-07-01T00:00:00Z,49.84623488217554,38.24595848441443,104.59788077436139
1996-08-01T00:00:00Z,40.13340489273665,32.00406578116141,79.46904059806535
1996-09-01T00:00:00Z,58.75225654674426,59.60190646565431,58.899726185671206
1996-10-01T00:00:00Z,29.840288708680546,29.987723012090488,26.407153289702634
1996-11-01T00:00:00Z,35.63738068236052,38.11117750382643,20.674986694010062
1996-12-01T00:00:00Z,37.38270565090033,36.72177044864547,38.7649197560948
1997-01-01T00:00:00Z,23.701728348989363,20.232458561031414,39.578248798354146
1997-02-01T00:00:00Z,29.360785269610055,29.843843166145888,26.12676600926787
1997-03-01T00:00:00Z,37.48794609398276,36.80411929014333,37.283297409556916
1997-04-01T00:00:00Z,29.151019904010372,29.331937572082023,27.130018899363396
1997-05-01T00:00:00Z,30.95382064706,27.993977771196082,42.10800241227336
1997-06-01T00:00:00Z,28.879829963227376,28.16891535559606,31.236572462719064
1997-07-01T00:00:00Z,27.851572071124426,27.40041139260862,27.430601398484434
1997-08-01T00:00:00Z,30.113893996195245,24.827930898178412,57.09998255331465
1997-09-01T00:00:00Z,25.51612092032885,22.730439896503302,37.92580748023514
1997-10-01T00:00:00Z,26.924718869252533,24.31660357979802,38.3183082352593
1997-11-01T00:00:00Z,73.0865002344411,77.37057073021957,54.370262832982185
1997-12-01T00:00:00Z,34.37229013635863,35.12265582779905,29.301128556790058
1998-01-01T00:00:00Z,54.361074957425146,58.914340372375726,30.945904190627182
1998-02-01T00:00:00Z,154.61335573041248,168.1576944433833,97.5402360026087
1998-03-01T00:00:00Z,43.16603346218916,44.82998067533674,34.32675179750785
1998-04-01T00:00:00Z,32.70567254620667,31.7814366879243,34.076041524923546
1998-05-01T00:00:00Z,61.35873380629702,63.2714187174076,48.14955946579384
1998-06-01T00:00:00Z,52.45478447317353,58.42750129277105,20.902502666525624
1998-07-01T00:00:00Z,33.61905161171389,36.16837474772109,18.484679618345496
1998-08-01T00:00:00Z,75.59336516624178,70.12906627370651,118.51794085267579
1998-09-01T00:00:00Z,61.388404074851536,62.68166382964955,57.40286110373596
1998-10-01T00:00:00Z,72.3417335031615,66.02345073359051,103.0447073741837
1998-11-01T00:00:00Z,81.06707370540215,87.50104668516133,49.39160044379422
1998-12-01T00:00:00Z,85.0847096816124,91.18680559221471,56.50845735880126
1999-01-01T00:00:00Z,45.53858843368564,46.532720458689056,41.44549888779825
1999-02-01T00:00:00Z,48.4339949987718,50.28958265950604,36.98181522026131
1999-03-01T00:00:00Z,63.583211508267986,66.24244438959573,62.319642062560106
1999-04-01T00:00:00Z,64.46939988878594,62.7888266877176,69.74681817157719
1999-05-01T00:00:00Z,50.49053853553118,45.05961108318883,76.30421775803883
1999-06-01T00:00:00Z,39.432276324873925,33.28347662715496,64.88459644355248
1999-07-01T00:00:00Z,49.81319544060885,49.371652222750065,48.96520137417756
1999-08-01T00:00:00Z,44.51952871538214,44.82543620600747,40.68650822861108
1999-09-01T00:00:00Z,60.63191821174859,50.1759719564117,109.47837904620677
1999-10-01T00:00:00Z,42.225018443553736,40.523631912738544,49.38976942285409
1999-11-01T00:00:00Z,35.79328199229444,33.52677964607022,44.82696575356761
1999-12-01T00:00:00Z,62.04815499681718,55.750649817719236,98.18791210946385
2000-01-01T00:00:00Z,40.63480550560224,37.525647509298565,56.44535652484197
2000-02-01T00:00:00Z,34.39116171765354,31.00759357581569,47.233292274017764
2000-03-01T00:00:00Z,54.098792642992585,52.90938648347272,56.24116188616747
2000-04-01T00:00:00Z,35.76902416633706,34.79548701414643,37.091572892302864
2000-05-01T00:00:00Z,34.09488716051248,33.166915539141144,36.8927323647086
2000-06-01T00:00:00Z,44.000780243310786,45.104530067800965,39.4867208113535
2000-07-01T00:00:00Z,32.06514555453822,30.24840200728058,37.71350983206376
2000-08-01T00:00:00Z,27.20853690347721,22.60709470559481,46.46667363595663
2000-09-01T00:00:00Z,35.40194709710519,35.58987498616531,31.267415171779955
2000-10-01T00:00:00Z,55.456573234691895,55.96437099099549,49.42467503022249
2000-11-01T00:00:00Z,27.42856234129472,27.454456762286817,29.166042906914203
2000-12-01T00:00:00Z,31.498811108814333,33.4168159750292,22.800587364714488
2001-01-01T00:00:00Z,35.44031824472785,35.099722657876484,35.33722420173175
2001-02-01T00:00:00Z,56.16162371528741,53.35259233941474,72.53396832891825
2001-03-01T00:00:00Z,39.55668850726386,38.995160123387834,41.44228204924397
2001-04-01T00:00:00Z,45.28478283353331,47.32071388898088,34.658542141463435
2001-05-01T00:00:00Z,35.83338748314163,36.571746063477214,29.05717549503913
2001-06-01T00:00:00Z,47.44480044451611,48.7591699373205,38.41755483701386
2001-07-01T00:00:00Z,35.37024233772999,34.803786685476226,37.96899195401633
2001-08-01T00:00:00Z,33.32806944594458,29.136491345259014,51.652718858228496
2001-09-01T00:00:00Z,307.53344995860016,290.4231139998934,410.7801184513587
2001-10-01T00:00:00Z,357.60999600589656,335.47478329565394,496.88625689385526
2001-11-01T00:00:00Z,195.30970996845164,168.37289779677704,350.2269237186158
2001-12-01T00:00:00Z,163.47014252223065,139.34866314827633,290.58102093797413
2002-01-01T00:00:00Z,123.42936721281541,114.44575846403549,179.8188018194156
2002-02-01T00:00:00Z,112.12205290113116,112.36080987148809,115.33207970483232
2002-03-01T00:00:00Z,129.83712765484168,130.85108281782456,121.9545432333813
2002-04-01T00:00:00Z,123.91910055464197,120.29782675483523,140.6123847985339
2002-05-01T00:00:00Z,155.50930335705598,159.62236646325266,155.97105092895353
2002-06-01T00:00:00Z,177.9349336604704,191.57320005931874,125.34920067805122
2002-07-01T00:00:00Z,110.3024086629924,103.22050717249023,146.55121352793498
2002-08-01T00:00:00Z,139.60030475459726,150.15308831336333,81.71944068350116
2002-09-01T00:00:00Z,315.43953901244345,356.762267090952,108.45584199836395
2002-10-01T00:00:00Z,268.5770151459854,290.0383827170891,174.4816239299536
2002-11-01T00:00:00Z,214.36152284741735,232.4005447392258,119.64117908049177
2002-12-01T00:00:00Z,213.31847880830122,237.05784060223203,95.92067427574548
2003-01-01T00:00:00Z,328.37532195917146,377.07571872483487,75.59784807271444
2003-02-01T00:00:00Z,520.1237107509938,602.4484962661544,112.06414530150069
2003-03-01T00:00:00Z,545.0936710928602,569.8795427676379,436.412520952718
2003-04-01T00:00:00Z,257.49638991251504,213.42069024430393,473.73252722492947
2003-05-01T00:00:00Z,142.2805751778863,137.0340834590986,168.4327788855277
2003-06-01T00:00:00Z,104.4388945658872,101.86799522727286,114.66031628544997
2003-07-01T00:00:00Z,85.72366247961864,83.11366375983498,97.84619556953334
2003-08-01T00:00:00Z,96.16943045479047,92.43618896000756,106.54408731342852
2003-09-01T00:00:00Z,88.94529643188993,90.16137550521543,84.045580695005
2003-10-01T00:00:00Z,74.79335004438897,70.22379096058758,100.5575664878228
2003-11-01T00:00:00Z,77.15381838236631,74.45823198409055,90.21739112036474
2003-12-01T00:00:00Z,120.24008260248226,120.62153315985398,123.20743366842295
2004-01-01T00:00:00Z,92.56997880035107,92.74931960949812,87.69309428624199
2004-02-01T00:00:00Z,82.68060964027802,83.83064516921483,77.4029502092546
2004-03-01T00:00:00Z,129.55384438570456,133.07974065005558,125.5363148618998
2004-04-01T00:00:00Z,154.6760365853147,157.32476402348425,146.03822336811396
2004-05-01T00:00:00Z,101.52655675726324,101.3810912220018,104.70239493940998
2004-06-01T00:00:00Z,101.5840726478088,101.29710906709302,101.30037643318764
2004-07-01T00:00:00Z,108.04781720998339,114.0317125559256,82.00035263249109
2004-08-01T00:00:00Z,143.34054517092,145.58963133577575,125.69633770052813
2004-09-01T00:00:00Z,115.67604051337494,105.64771120377911,172.70412299329016
2004-10-01T00:00:00Z,92.01789730076587,87.57388519361422,116.2102434575885
2004-11-01T00:00:00Z,81.04080239062948,83.17557387356847,68.05493732009838
2004-12-01T00:00:00Z,74.74236106997337,74.13916385997297,75.5637869075533
2005-01-01T00:00:00Z,63.227012006303426,61.78823265735769,70.34851012082477
2005-02-01T00:00:00Z,74.63203465649528,76.31017779790686,69.56178608210213
2005-03-01T00:00:00Z,60.90534614176977,55.451246505025175,86.89777474268851
2005-04-01T00:00:00Z,57.60437070224002,58.59189654275242,52.121550010592685
2005-05-01T00:00:00Z,49.67035266655683,47.18104699105666,56.883926787981444
2005-06-01T00:00:00Z,54.62715508199268,49.7421741560064,72.71159982474131
2005-07-01T00:00:00Z,129.3733454051078,117.24165749637162,187.35250713124998
2005-08-01T00:00:00Z,73.23645717526504,70.11590865567143,92.42849716562368
2005-09-01T00:00:00Z,61.909639662511374,51.288003080203346,107.92435667851106
2005-10-01T00:00:00Z,66.16274742762502,61.41409774277356,91.08409528446496
2005-11-01T00:00:00Z,61.23978226631773,58.279568785577915,75.54369585107507
2005-12-01T00:00:00Z,59.12345356421383,56.058711785112536,71.29014554941597
2006-01-01T00:00:00Z,70.11295902160906,69.17309516837985,72.66902971737366
2006-02-01T00:00:00Z,73.59896393394354,78.9995694336951,44.497904528423064
2006-03-01T00:00:00Z,64.69869617122927,67.71616331970523,48.8080058789057
2006-04-01T00:00:00Z,76.17982768009391,76.99675633536842,73.11038938756798
2006-05-01T00:00:00Z,74.5742632029536,71.81814394580776,82.26132035040888
2006-06-01T00:00:00Z,85.2751479923234,75.68344480135046,139.47660962408386
2006-07-01T00:00:00Z,139.35977565577537,128.62122899750798,191.59821888141613
2006-08-01T00:00:00Z,170.36290676052445,160.05554487181115,219.36509493375104
2006-09-01T00:00:00Z,93.85937018129084,96.37035738961052,77.96901507410598
2006-10-01T00:00:00Z,88.17925579547384,92.34088714498799,63.441019983168104
2006-11-01T00:00:00Z,69.25211022063709,69.53916108128948,70.55176072490215
2006-12-01T00:00:00Z,70.31186285367887,74.31214053999153,48.28363746133228
2007-01-01T00:00:00Z,84.1856920825897,79.74794649421881,105.43288924270917
2007-02-01T00:00:00Z,83.91353752813313,80.60480301797396,102.06781542123171
2007-03-01T00:00:00Z,65.69905473706285,65.16405716393898,68.12825718708201
2007-04-01T00:00:00Z,67.75070971146376,63.68933163427839,80.73829321185055
2007-05-01T00:00:00Z,95.40058500246245,84.20426557679578,143.02925329492192
2007-06-01T00:00:00Z,72.72492840450168,72.95317697231222,74.97406255036582
2007-07-01T00:00:00Z,115.67047166363933,116.81769242574312,109.77384937289881
2007-08-01T00:00:00Z,62.69968799186757,58.13619165133841,80.16006186918612
2007-09-01T00:00:00Z,52.744803051406876,49.82212604752231,64.9738964223791
2007-10-01T00:00:00Z,105.16837603091864,113.32594541476814,63.1187849662425
2007-11-01T00:00:00Z,82.49855293180636,84.3471678389871,72.49907770187723
2007-12-01T00:00:00Z,82.55678764703774,83.52894566685312,77.25851280764093
2008-01-01T00:00:00Z,69.31097606067755,69.32356216646535,62.89613281764234
2008-02-01T00:00:00Z,69.93859726858088,67.92292900353479,78.15146067535268
2008-03-01T00:00:00Z,66.77883367351193,66.05148967992938,65.73757415927146
2008-04-01T00:00:00Z,53.92398077842182,52.564284154490146,57.08639556861409
2008-05-01T00:00:00Z,47.06322478938594,47.156364204987085,45.56196477695312
2008-06-01T00:00:00Z,70.65012004764637,71.9804314509506,66.65319602732555
2008-07-01T00:00:00Z,73.6265358086729,71.78031199726698,79.1198058694512
2008-08-01T00:00:00Z,98.3640938508781,104.90011345743244,72.61501808053632
2008-09-01T00:00:00Z,67.28245607060143,72.78297868033015,35.109804901634725
2008-10-01T00:00:00Z,57.4354588164515,58.68930595893259,47.954200753087036
2008-11-01T00:00:00Z,56.32072463138576,53.78985175061963,64.92446834896126
2008-12-01T00:00:00Z,74.36179329439318,78.26698785752,49.08180924802429
2009-01-01T00:00:00Z,74.15621081068042,65.06553623263534,110.33207663635673
2009-02-01T00:00:00Z,44.4431666040743,44.53583164493394,39.929964557621865
2009-03-01T00:00:00Z,57.469346062082025,59.543813372136825,50.87149233283485
2009-04-01T00:00:00Z,63.69598961777374,68.48276610577653,41.936159937393235
2009-05-01T00:00:00Z,62.070122651065574,62.084452848230264,56.310971176128255
2009-06-01T00:00:00Z,42.766301701918856,41.164239231329006,49.98921229773253
2009-07-01T00:00:00Z,63.11766947203045,66.11316949384634,50.07628096654339
2009-08-01T00:00:00Z,53.50832232134815,48.12166030039962,77.59401701843423
2009-09-01T00:00:00Z,63.68153709755623,57.57958270515993,88.42268601536162
2009-10-01T00:00:00Z,60.83229518644045,52.33779732644681,97.02863621451709
2009-11-01T00:00:00Z,57.47143351915063,51.02087295095682,87.86475288432763
2009-12-01T00:00:00Z,86.20662681288206,82.51605154783647,104.61463300406115
2010-01-01T00:00:00Z,97.5199726372338,96.02350902339509,111.86476083168773
2010-02-01T00:00:00Z,59.4963595027046,56.674310648178746,68.98630708709409
2010-03-01T00:00:00Z,44.62233029871995,46.7010253177449,35.09016226781828
2010-04-01T00:00:00Z,55.611363474778365,59.40409955439816,34.1338432463839
2010-05-01T00:00:00Z,63.99651050463412,65.94777191269623,55.017028106352925
2010-06-01T00:00:00Z,54.61921193652516,56.43170754012201,44.199686078043456
2010-07-01T00:00:00Z,56.542205612468976,54.87320820473888,59.24773174551711
2010-08-01T00:00:00Z,43.87120185267761,43.643801190460714,40.92353174208344
2010-09-01T00:00:00Z,63.94401387263133,66.7011951746789,46.65521648108245
2010-10-01T00:00:00Z,68.99602809812083,75.47887804470996,36.59700006626267
2010-11-01T00:00:00Z,79.51126838323496,85.83967823931337,50.13753311483175
2010-12-01T00:00:00Z,72.6453176917516,72.76077742225789,67.11631868272934
2011-01-01T00:00:00Z,55.95011216403311,55.41240928125091,54.978843788314634
2011-02-01T00:00:00Z,71.969635466788,77.73112890278085,38.13348188083795
2011-03-01T00:00:00Z,124.42356065298334,138.2899727706637,62.772776645927074
2011-04-01T00:00:00Z,63.11444812420962,63.66544669297568,56.331964237147446
2011-05-01T00:00:00Z,73.71526219544494,74.83411233325272,68.15803714086806
2011-06-01T00:00:00Z,58.5462251716645,59.87319702388375,48.52218185479668
2011-07-01T00:00:00Z,41.90881881940399,44.683426159259085,28.275893208975532
2011-08-01T00:00:00Z,40.50620005159885,31.370151158717537,83.31463108280876
2011-09-01T00:00:00Z,45.35359924154344,48.96692074969569,32.151035479059615
2011-10-01T00:00:00Z,48.771974936902765,53.18745607781903,24.987798315070272
2011-11-01T00:00:00Z,63.17506740974399,65.31591494535391,50.41242493303773
2011-12-01T00:00:00Z,45.31538481924799,45.419842070326666,42.293117905614125
2012-01-01T00:00:00Z,57.87297350892378,63.2711100271292,27.047130249076005
2012-02-01T00:00:00Z,70.52663753134861,76.11938214687014,45.798923657918124
2012-03-01T00:00:00Z,77.71589451601689,81.67217910308908,51.88683801661489
2012-04-01T00:00:00Z,57.49073060221621,59.398515294994006,46.523414654323275
2012-05-01T00:00:00Z,55.74762346147748,53.43415339557448,67.88785273464363
2012-06-01T00:00:00Z,43.291403027285355,45.24644302508137,31.75065882954456
2012-07-01T00:00:00Z,55.84563978302937,57.48055284998696,42.99604658879348
2012-08-01T00:00:00Z,47.81648879725304,49.74871859459679,37.564006698745914
2012-09-01T00:00:00Z,61.98211146538394,68.5623996659228,28.549748596246893
2012-10-01T00:00:00Z,65.65521990529383,64.59832405238211,67.86305454206317
2012-11-01T00:00:00Z,56.72905110452439,54.35579617543982,70.21662305656147
2012-12-01T00:00:00Z,53.5504174884477,59.16003588393358,26.8614065694513
2013-01-01T00:00:00Z,83.92839961787419,89.96455307061227,54.32189573805173
2013-02-01T00:00:00Z,63.88709343058152,68.54587240983865,38.48816105948401
2013-03-01T00:00:00Z,77.1759703918168,87.27893169956698,22.33846678183554
2013-04-01T00:00:00Z,99.38673990185475,100.47313787605181,104.55517962824877
2013-05-01T00:00:00Z,66.16537619039502,64.2930948772205,71.76379937260286
2013-06-01T00:00:00Z,66.94167810393363,72.2926364188436,35.50732796562412
2013-07-01T00:00:00Z,42.011581525944685,45.962708689901646,20.979267219576197
2013-08-01T00:00:00Z,99.41756486825287,108.83100171405718,53.43372322633727
2013-09-01T00:00:00Z,142.63101078528683,162.08669558234777,39.21122714074683
2013-10-01T00:00:00Z,59.169101317340065,63.77371507739574,44.1569625119764
2013-11-01T00:00:00Z,61.481387841392824,66.72068645809738,31.075571918613733
2013-12-01T00:00:00Z,63.21827155359806,66.66882090353626,42.82226419075201
2014-01-01T00:00:00Z,59.41008678350733,61.761981805938944,44.43100102737557
2014-02-01T00:00:00Z,57.642887406507924,62.275814343492875,30.455612534332843
2014-03-01T00:00:00Z,147.7466722410507,169.37206959803933,36.533557010091435
2014-04-01T00:00:00Z,89.73487440520532,99.33498820503428,36.12297901177498
2014-05-01T00:00:00Z,79.57202721085828,82.88794563080462,58.05134274238636
2014-06-01T00:00:00Z,105.31076045371839,110.63194048366339,78.69656036833523
2014-07-01T00:00:00Z,148.75228799789096,149.62463669678107,135.90083371054436
2014-08-01T00:00:00Z,200.82449051606446,212.69016126543562,141.4741267771522
2014-09-01T00:00:00Z,220.39842895793353,248.6942950854524,79.707368092396365
2014-10-01T00:00:00Z,133.11689819083284,136.7358204480591,124.24880967380403
2014-11-01T00:00:00Z,102.18274397008895,111.16125645888057,55.40484137807871
2014-12-01T00:00:00Z,88.06387939817827,91.81265300428016,67.76112090346406
2015-01-01T00:00:00Z,128.85393928517357,132.5984958558787,107.90031889689547
2015-02-01T00:00:00Z,119.591242662312,121.14242942041355,107.13621630857273
2015-03-01T00:00:00Z,96.31963530729573,100.86073649328098,69.68784748716753
2015-04-01T00:00:00Z,101.29821155805847,101.96724464198272,103.96995585139597
2015-05-01T00:00:00Z,86.28045586252675,91.90734350863308,51.76843653990593
2015-06-01T00:00:00Z,79.37568351019506,88.18391976249055,30.45719708606804
2015-07-01T00:00:00Z,104.67240770470508,105.64754731880043,90.46476284859469
2015-08-01T00:00:00Z,87.27613997096138,90.54962013868605,69.97241792303238
2015-09-01T00:00:00Z,77.39725272830907,80.99545887409437,55.26391376078177
2015-10-01T00:00:00Z,75.74017472140042,77.33919782047019,64.8381765363451
2015-11-01T00:00:00Z,237.08196213853827,250.4879065800947,169.7300075760363
2015-12-01T00:00:00Z,165.83636742918176,180.4899369524344,97.23111906558876
2016-01-01T00:00:00Z,142.44979638624804,151.94374341630316,86.42679336514611
2016-02-01T00:00:00Z,89.6305605032324,95.16487085932636,61.168548632602906
2016-03-01T00:00:00Z,96.44455997836869,98.33387849154346,85.82142569700775
2016-04-01T00:00:00Z,85.04843049115223,90.12379055120147,58.76599712826946
2016-05-01T00:00:00Z,83.025138621657,84.6095641955393,69.80877028720117
2016-06-01T00:00:00Z,121.15219412347555,129.81989175459833,74.98754176048959
2016-07-01T00:00:00Z,128.74797943374,138.0937948637065,78.8244439091772
2016-08-01T00:00:00Z,104.32773138895179,106.54313793494322,98.67912800920205
2016-09-01T00:00:00Z,88.79145291934452,91.26562439288092,80.7740088761022
2016-10-01T00:00:00Z,82.85357417126266,86.06749613525248,65.87542916289225
2016-11-01T00:00:00Z,105.25195554516174,114.79591655195942,52.58615402520771
2016-12-01T00:00:00Z,119.03179112880487,126.59887833797325,76.72906776944845
2017-01-01T00:00:00Z,123.48494510761037,124.39089127634246,114.22527440704799
2017-02-01T00:00:00Z,126.91429964920917,133.9526698279461,84.28163823990818
2017-03-01T00:00:00Z,122.60128963787504,122.29493874240549,122.87996773597615
2017-04-01T00:00:00Z,174.0110543246086,189.46623065658574,95.88867913362911
2017-05-01T00:00:00Z,163.3283777204528,161.31840371229936,161.9543934242003
2017-06-01T00:00:00Z,135.06467993911312,136.13548416535482,130.93327187323894
2017-07-01T00:00:00Z,91.32853929806681,94.65546630773918,67.22653707121054
2017-08-01T00:00:00Z,201.56808311570038,219.1071221127397,117.221582845737
2017-09-01T00:00:00Z,147.6186505041398,163.69347133975302,60.16517596564343
2017-10-01T00:00:00Z,142.57209620516795,161.85413475808954,47.05954338214943
2017-11-01T00:00:00Z,114.80498769841141,127.96145036757585,49.09562088954449
2017-12-01T00:00:00Z,113.36334725465977,124.77942175195781,49.000063819596576
2018-01-01T00:00:00Z,158.00830052584112,176.03375023251925,60.0729027494971
2018-02-01T00:00:00Z,96.97316561677886,105.09560546048992,53.65781435228152
2018-03-01T00:00:00Z,199.98004714737127,221.1914242774559,84.83051294321923
2018-04-01T00:00:00Z,233.79423321003236,262.0629332246968,101.20979951474003
2018-05-01T00:00:00Z,172.90710374382076,201.19377755504533,34.09706070501734
2018-06-01T00:00:00Z,198.75176531619925,224.8657332470296,65.99384163259421
2018-07-01T00:00:00Z,236.98746378092616,266.82557752466965,79.76487106303136
2018-08-01T00:00:00Z,156.66710239729542,177.35153912901748,51.93728279421022
2018-09-01T00:00:00Z,127.8510898769723,146.62789645493328,29.18620689323554
2018-10-01T00:00:00Z,160.800057987815,183.90900851520504,38.56281011549502
2018-11-01T00:00:00Z,148.34854208074356,169.128806313924,36.50884850030287
2018-12-01T00:00:00Z,171.35034764442923,195.1067652125562,45.395431940109454
2019-01-01T00:00:00Z,185.28124364964586,213.24995949320217,39.86928043464293
2019-02-01T00:00:00Z,157.0411235723971,175.62486113993225,54.78829513356482
2019-03-01T00:00:00Z,114.0551880001038,126.82512245719684,54.505116432163206
2019-04-01T00:00:00Z,104.98674239919067,118.06612502530282,35.50062883092089
2019-05-01T00:00:00Z,202.97865121828286,237.51952486569175,21.077497744725157
2019-06-01T00:00:00Z,239.0744118083385,278.131076574538,40.644323405874935
2019-07-01T00:00:00Z,186.6536895918043,211.11623725429882,53.89395596375384
2019-08-01T00:00:00Z,211.8819408122078,237.10744351984297,73.20213585010083
2019-09-01T00:00:00Z,102.28407164104283,114.76375182330938,42.38570728055899
