Date,MU_JLN_h1,MU_JLN_h3,MU_JLN_h12
1960-07-01T00:00:00Z,0.613670449650569,0.740958395747367,0.86695199390663
1960-08-01T00:00:00Z,0.62227840856755,0.74719203266242,0.868950515655031
1960-09-01T00:00:00Z,0.629219043839403,0.753152617719445,0.873243946985788
1960-10-01T00:00:00Z,0.638484142601181,0.761615041678371,0.878194039752395
1960-11-01T00:00:00Z,0.663742604203178,0.779061240049667,0.885862742848678
1960-12-01T00:00:00Z,0.677273622434566,0.791644938958166,0.89392001153793
1961-01-01T00:00:00Z,0.66683977869127,0.789948133669431,0.897891676375485
1961-02-01T00:00:00Z,0.663244345141815,0.788938567545446,0.900516790487227
1961-03-01T00:00:00Z,0.663417544128076,0.787807005689872,0.899167362293351
1961-04-01T00:00:00Z,0.668243127864486,0.786822888869157,0.894503800770577
1961-05-01T00:00:00Z,0.65280455692013,0.775903381324455,0.89031702154514
1961-06-01T00:00:00Z,0.642612325194332,0.768669817506829,0.886796484528469
1961-07-01T00:00:00Z,0.627120783280384,0.758977926808566,0.883722086554113
1961-08-01T00:00:00Z,0.620011400477626,0.753791389362196,0.881268294979538
1961-09-01T00:00:00Z,0.62247045000464,0.751866895778833,0.875878714075997
1961-10-01T00:00:00Z,0.621262231539807,0.747444072744586,0.870240589967556
1961-11-01T00:00:00Z,0.615298143051024,0.740751113006062,0.864185031221802
1961-12-01T00:00:00Z,0.603118397527091,0.73305005172299,0.859681033279158
1962-01-01T00:00:00Z,0.607018172099105,0.735813419788531,0.858952975610685
1962-02-01T00:00:00Z,0.603286564027199,0.735074552986956,0.8573721593691
1962-03-01T00:00:00Z,0.593228304310298,0.726911437059591,0.853492954632606
1962-04-01T00:00:00Z,0.5944490430223,0.72613806746046,0.850309717748925
1962-05-01T00:00:00Z,0.592922171770423,0.724085599004825,0.84837610738954
1962-06-01T00:00:00Z,0.587703361810129,0.719721010916277,0.845085676638274
1962-07-01T00:00:00Z,0.579992724844518,0.71106164397487,0.840416302577806
1962-08-01T00:00:00Z,0.569532886958012,0.70130640924583,0.834153476961571
1962-09-01T00:00:00Z,0.564422322733607,0.695704848531588,0.82861910565497
1962-10-01T00:00:00Z,0.561078665874575,0.690742536118359,0.82368048218813
1962-11-01T00:00:00Z,0.560174448055726,0.68692899025171,0.818070561904646
1962-12-01T00:00:00Z,0.557591535527719,0.681302725646476,0.812498531799937
1963-01-01T00:00:00Z,0.556726615160983,0.676343733946228,0.807857304520841
1963-02-01T00:00:00Z,0.549581847858977,0.668654673538014,0.803487262945581
1963-03-01T00:00:00Z,0.540163024736452,0.66213144364543,0.801287293249969
1963-04-01T00:00:00Z,0.544648229157917,0.664931848485807,0.8023818134554
1963-05-01T00:00:00Z,0.543563334086368,0.663847189692645,0.802491209457357
1963-06-01T00:00:00Z,0.539513265025333,0.661855945728139,0.802689979756601
1963-07-01T00:00:00Z,0.537702437366592,0.660827841475371,0.80352301636161
1963-08-01T00:00:00Z,0.539389258248133,0.663991425503228,0.80610273227632
1963-09-01T00:00:00Z,0.54019847677556,0.665506135573537,0.806536927791109
1963-10-01T00:00:00Z,0.536562683591452,0.663371972592142,0.805870942310511
1963-11-01T00:00:00Z,0.540125435508125,0.667019462398747,0.807183170835451
1963-12-01T00:00:00Z,0.548649298887263,0.671492570973846,0.807787876562347
1964-01-01T00:00:00Z,0.555539412415735,0.674243745364833,0.807799283249367
1964-02-01T00:00:00Z,0.550900043040334,0.67061428240524,0.806317904794098
1964-03-01T00:00:00Z,0.54622982150973,0.665749483226661,0.805061568688401
1964-04-01T00:00:00Z,0.555251110055574,0.670250397533576,0.80643786680971
1964-05-01T00:00:00Z,0.542007435326043,0.663677064130036,0.806788658363099
1964-06-01T00:00:00Z,0.539224845353981,0.665020441406348,0.810711553826533
1964-07-01T00:00:00Z,0.546155779763111,0.673725599358732,0.817932513257693
1964-08-01T00:00:00Z,0.560830964929116,0.687410028932434,0.825467677617029
1964-09-01T00:00:00Z,0.585454439302071,0.709334440987272,0.83566426165607
1964-10-01T00:00:00Z,0.625997453393504,0.740810075887856,0.848231242017257
1964-11-01T00:00:00Z,0.638653849895108,0.753036266099505,0.854473276581425
1964-12-01T00:00:00Z,0.613220778738355,0.73267014019171,0.845286233298618
1965-01-01T00:00:00Z,0.587677750453622,0.711871027137727,0.835500161713596
1965-02-01T00:00:00Z,0.568954319985549,0.697220343981595,0.828293608569482
1965-03-01T00:00:00Z,0.558274617398556,0.687747289220441,0.823072871545842
1965-04-01T00:00:00Z,0.554937643018896,0.683768050567109,0.819634034598525
1965-05-01T00:00:00Z,0.549379400548158,0.679349373767864,0.817162481637917
1965-06-01T00:00:00Z,0.54964240056854,0.681214279329165,0.817901874749163
1965-07-01T00:00:00Z,0.554750082459383,0.684390891792959,0.818947460636205
1965-08-01T00:00:00Z,0.552513738148782,0.679876707983305,0.816729473919061
1965-09-01T00:00:00Z,0.563506652813394,0.683528845286571,0.817090623214875
1965-10-01T00:00:00Z,0.559732309257745,0.681547643839201,0.817573999024595
1965-11-01T00:00:00Z,0.557699299249872,0.682486754345368,0.81989583263099
1965-12-01T00:00:00Z,0.566814019772335,0.691844369934843,0.825765873868157
1966-01-01T00:00:00Z,0.569364854285014,0.695795763681937,0.828453382998574
1966-02-01T00:00:00Z,0.576056977242205,0.704258182640685,0.834719752026912
1966-03-01T00:00:00Z,0.584109967148238,0.712458171349534,0.840865337264632
1966-04-01T00:00:00Z,0.59498940831283,0.72164635441182,0.845403673583782
1966-05-01T00:00:00Z,0.601703998213577,0.728294246914267,0.849304188433398
1966-06-01T00:00:00Z,0.597293712099975,0.726128177502803,0.850588481011193
1966-07-01T00:00:00Z,0.596883872652864,0.725826998001136,0.851524878572706
1966-08-01T00:00:00Z,0.601874845924759,0.729575254054428,0.854481494129594
1966-09-01T00:00:00Z,0.606723753427629,0.733425836394905,0.858111544344986
1966-10-01T00:00:00Z,0.605114028496613,0.731281999390529,0.857631785454256
1966-11-01T00:00:00Z,0.608709183760461,0.734178177231802,0.858929061144168
1966-12-01T00:00:00Z,0.610378722979348,0.736613224861581,0.861238352237051
1967-01-01T00:00:00Z,0.617774970756293,0.74329397424156,0.864555533317077
1967-02-01T00:00:00Z,0.620552206528874,0.744705516471532,0.866577220227219
1967-03-01T00:00:00Z,0.61283966957464,0.737738350176396,0.863943691673009
1967-04-01T00:00:00Z,0.613078401480467,0.736105453933538,0.862083597689527
1967-05-01T00:00:00Z,0.610912612964603,0.735139929666017,0.862325587746816
1967-06-01T00:00:00Z,0.610679655079635,0.739072064341195,0.866218245503955
1967-07-01T00:00:00Z,0.61549872446665,0.7442524481053,0.871377139103332
1967-08-01T00:00:00Z,0.62438460563124,0.750207618340846,0.873343321541478
1967-09-01T00:00:00Z,0.620846137878748,0.749539718206031,0.873927283097972
1967-10-01T00:00:00Z,0.62306119490478,0.751665227297161,0.875907844042397
1967-11-01T00:00:00Z,0.640882188968515,0.76620220779994,0.88288386332223
1967-12-01T00:00:00Z,0.646890610453453,0.771054135152242,0.884773362150987
1968-01-01T00:00:00Z,0.660499025654336,0.779842852106093,0.885170987131734
1968-02-01T00:00:00Z,0.639313223347109,0.765045758238513,0.878410961221555
1968-03-01T00:00:00Z,0.621157810274355,0.749924937457293,0.87262544229095
1968-04-01T00:00:00Z,0.622084044402517,0.748481915715809,0.870442146552792
1968-05-01T00:00:00Z,0.612558240338513,0.738187518677577,0.864147430730295
1968-06-01T00:00:00Z,0.603858298936263,0.732602943264975,0.86115079982466
1968-07-01T00:00:00Z,0.595844299949328,0.725098697468448,0.8570975901542
1968-08-01T00:00:00Z,0.595218493957002,0.723527858782473,0.855790311678408
1968-09-01T00:00:00Z,0.591640983865346,0.721497173912399,0.854698166694045
1968-10-01T00:00:00Z,0.599195361583625,0.725901243517351,0.856558473740434
1968-11-01T00:00:00Z,0.604006784514923,0.731200613680606,0.860826882411225
1968-12-01T00:00:00Z,0.602744129299885,0.734376015305718,0.865319989747734
1969-01-01T00:00:00Z,0.603225961302884,0.737617183589993,0.869211598057841
1969-02-01T00:00:00Z,0.610689944486807,0.746693884548627,0.877071536967739
1969-03-01T00:00:00Z,0.615906911599512,0.754459520316822,0.886545832211635
1969-04-01T00:00:00Z,0.626369053618789,0.766192072332268,0.897937379895095
1969-05-01T00:00:00Z,0.636715832755568,0.778358806254332,0.909141204996396
1969-06-01T00:00:00Z,0.639341904829336,0.781240761005318,0.910236953057713
1969-07-01T00:00:00Z,0.638678968104035,0.780315695129965,0.910016197193441
1969-08-01T00:00:00Z,0.636304255213644,0.777504547109786,0.91000386541511
1969-09-01T00:00:00Z,0.635684246805841,0.774588914773971,0.907758261713074
1969-10-01T00:00:00Z,0.635180770791487,0.773998243009743,0.906664229531441
1969-11-01T00:00:00Z,0.648054827045696,0.781782272742778,0.908942780860558
1969-12-01T00:00:00Z,0.653637833309734,0.789170999731469,0.9142467738488
1970-01-01T00:00:00Z,0.677017312200674,0.8090795432549,0.922872659802675
1970-02-01T00:00:00Z,0.673734813946736,0.81313115214268,0.92739501466405
1970-03-01T00:00:00Z,0.674899893700126,0.815653718942702,0.930507703324565
1970-04-01T00:00:00Z,0.683366500130751,0.821924008835079,0.931493142711603
1970-05-01T00:00:00Z,0.680138386867033,0.820747042611968,0.930024643069124
1970-06-01T00:00:00Z,0.670369043741902,0.810699635265499,0.923345070720924
1970-07-01T00:00:00Z,0.669257595167939,0.809250186775835,0.92151128584668
1970-08-01T00:00:00Z,0.675842081299366,0.812640218082065,0.921736145138727
1970-09-01T00:00:00Z,0.68769730151532,0.819200492455676,0.921803971691698
1970-10-01T00:00:00Z,0.713670435866764,0.838953507249037,0.927356020547066
1970-11-01T00:00:00Z,0.71217123651582,0.839552827865536,0.929090067045044
1970-12-01T00:00:00Z,0.733382838060637,0.85383438416962,0.935373659414755
1971-01-01T00:00:00Z,0.698789217891034,0.827279031001321,0.924788202130262
1971-02-01T00:00:00Z,0.66569538438522,0.801957140477027,0.91550454626307
1971-03-01T00:00:00Z,0.639978828827791,0.779912735952992,0.906417557313216
1971-04-01T00:00:00Z,0.629038944994742,0.76912232008443,0.901502801134393
1971-05-01T00:00:00Z,0.628202912616281,0.764494974470177,0.897054552030441
1971-06-01T00:00:00Z,0.637205525006268,0.765920505860054,0.894254081498885
1971-07-01T00:00:00Z,0.645051132066379,0.769252893536341,0.893855995763235
1971-08-01T00:00:00Z,0.640850021299565,0.767000465004473,0.893895578638876
1971-09-01T00:00:00Z,0.637119082495496,0.767093339174024,0.895445181371337
1971-10-01T00:00:00Z,0.628220027608601,0.761974391985834,0.893191902360785
1971-11-01T00:00:00Z,0.628600645025402,0.763422085975618,0.893399629591188
1971-12-01T00:00:00Z,0.644312339927153,0.776323941741579,0.898718247768111
1972-01-01T00:00:00Z,0.653421942409161,0.78114882822968,0.898681747639915
1972-02-01T00:00:00Z,0.628214900547431,0.761984237068825,0.889590540701479
1972-03-01T00:00:00Z,0.609983438095305,0.746430670517253,0.882798608642402
1972-04-01T00:00:00Z,0.600391391897245,0.735252491831612,0.8762654463675
1972-05-01T00:00:00Z,0.598488731508835,0.734582506803719,0.875767774005036
1972-06-01T00:00:00Z,0.604364369915811,0.741030685320782,0.87920375675207
1972-07-01T00:00:00Z,0.620656835295099,0.755083076439903,0.886393267032833
1972-08-01T00:00:00Z,0.630507294153233,0.764947736178592,0.892921109487251
1972-09-01T00:00:00Z,0.632761444578397,0.768432821426775,0.896614755583085
1972-10-01T00:00:00Z,0.649659053234336,0.780132434041702,0.90131407496963
1972-11-01T00:00:00Z,0.651359411121973,0.785254487707422,0.905028255290127
1972-12-01T00:00:00Z,0.659553539506137,0.795965500231425,0.912747945382677
1973-01-01T00:00:00Z,0.672485351912084,0.810827186921412,0.923310713936285
1973-02-01T00:00:00Z,0.683371015494309,0.827063863317729,0.937407159023672
1973-03-01T00:00:00Z,0.683290961050218,0.833627873999497,0.946997040221593
1973-04-01T00:00:00Z,0.688489813949864,0.842101346735495,0.957500679318428
1973-05-01T00:00:00Z,0.695122336569056,0.855656455241315,0.971699901701886
1973-06-01T00:00:00Z,0.718211929118682,0.882481594882299,0.990201032465383
1973-07-01T00:00:00Z,0.760206639111287,0.928310761648712,1.01816630427662
1973-08-01T00:00:00Z,0.793133345071174,0.959617147974996,1.03506348553173
1973-09-01T00:00:00Z,0.79886072663288,0.963141679187811,1.03750234915438
1973-10-01T00:00:00Z,0.801078299812434,0.959222178897761,1.03634539796376
1973-11-01T00:00:00Z,0.790909326662745,0.948743220269197,1.03216809448012
1973-12-01T00:00:00Z,0.791532671727323,0.944885096394393,1.03051724397005
1974-01-01T00:00:00Z,0.797286801354635,0.944184962383075,1.02815213714809
1974-02-01T00:00:00Z,0.787120184358459,0.937180553637387,1.02683648883851
1974-03-01T00:00:00Z,0.785375843319627,0.937252780398757,1.02772851023842
1974-04-01T00:00:00Z,0.793987936339698,0.943766247633334,1.03048522682875
1974-05-01T00:00:00Z,0.788012945316813,0.945068103811113,1.03363186166329
1974-06-01T00:00:00Z,0.786356924745543,0.949629849873638,1.03984441003835
1974-07-01T00:00:00Z,0.799837652981826,0.963182509217525,1.0483486536016
1974-08-01T00:00:00Z,0.815805657259374,0.974287302701913,1.0520641898333
1974-09-01T00:00:00Z,0.821389448072296,0.978427738615417,1.05069782061182
1974-10-01T00:00:00Z,0.831261373642484,0.984975230384373,1.05110258610037
1974-11-01T00:00:00Z,0.860202432212235,1.0059966916013,1.05320714653584
1974-12-01T00:00:00Z,0.870851793498702,1.01177248898566,1.0502251050761
1975-01-01T00:00:00Z,0.838987846973261,0.985344503635868,1.03710904983229
1975-02-01T00:00:00Z,0.815772418836064,0.960692535655339,1.02242527564119
1975-03-01T00:00:00Z,0.795189783125818,0.940853327086361,1.01233220065654
1975-04-01T00:00:00Z,0.782982221252308,0.924006090318548,1.00249393196423
1975-05-01T00:00:00Z,0.774462390332334,0.908115536083963,0.989640863812719
1975-06-01T00:00:00Z,0.773796251053933,0.897703280042942,0.97950825491387306
1975-07-01T00:00:00Z,0.763139610451249,0.88580688813907,0.971020099778269
1975-08-01T00:00:00Z,0.728468825756669,0.858541175221474,0.955761260472921
1975-09-01T00:00:00Z,0.699862134688573,0.833506694615563,0.94205268797652
1975-10-01T00:00:00Z,0.677765500606136,0.815128995866774,0.932925999643638
1975-11-01T00:00:00Z,0.663045144640647,0.801737652016686,0.926150153435967
1975-12-01T00:00:00Z,0.66941318070357,0.802934304469771,0.924081696571766
1976-01-01T00:00:00Z,0.674145613924543,0.805826868666143,0.924485482721422
1976-02-01T00:00:00Z,0.658486601499206,0.790664557486733,0.915901480155997
1976-03-01T00:00:00Z,0.6426504348663,0.774868673539839,0.906532705402706
1976-04-01T00:00:00Z,0.635270101123346,0.766321294407495,0.900222137875351
1976-05-01T00:00:00Z,0.630277563369189,0.760872745845792,0.89555890527498
1976-06-01T00:00:00Z,0.619662285256496,0.751123027239001,0.889359168799775
1976-07-01T00:00:00Z,0.610539056605885,0.742395664014899,0.885156052238127
1976-08-01T00:00:00Z,0.611497244499031,0.741627640645019,0.883633248226894
1976-09-01T00:00:00Z,0.619927353194571,0.747916153109929,0.886835591379897
1976-10-01T00:00:00Z,0.629846266636498,0.75709228410096,0.889323870151499
1976-11-01T00:00:00Z,0.6380469491162,0.761329076844325,0.888988464784557
1976-12-01T00:00:00Z,0.638498744129134,0.762351052592649,0.88880956566143
1977-01-01T00:00:00Z,0.640341338284149,0.762487765383448,0.88806304112861
1977-02-01T00:00:00Z,0.637691747887716,0.760948100196021,0.886656099523972
1977-03-01T00:00:00Z,0.622650925416308,0.747814439710121,0.880572301432675
1977-04-01T00:00:00Z,0.598424172790551,0.728948049670828,0.872450743938436
1977-05-01T00:00:00Z,0.590405323521769,0.721857762310095,0.870172054425564
1977-06-01T00:00:00Z,0.584424976706558,0.716200510784739,0.867441860903714
1977-07-01T00:00:00Z,0.583798145528763,0.715100535050571,0.867312691947887
1977-08-01T00:00:00Z,0.583515833743365,0.715631762233107,0.869161127017341
1977-09-01T00:00:00Z,0.593110178053466,0.722267003958211,0.8704251946084
1977-10-01T00:00:00Z,0.605522457213465,0.732865978036073,0.874289962967557
1977-11-01T00:00:00Z,0.613895767639902,0.740369228227929,0.877594036094992
1977-12-01T00:00:00Z,0.63694575601547,0.758473891484232,0.884978540511551
1978-01-01T00:00:00Z,0.667378824699646,0.782631934404514,0.896679484082831
1978-02-01T00:00:00Z,0.657904368402769,0.780568093795353,0.89952135955506
1978-03-01T00:00:00Z,0.659643691703827,0.783415337048397,0.902240914790856
1978-04-01T00:00:00Z,0.649623961653612,0.779573403388379,0.904461634677892
1978-05-01T00:00:00Z,0.631045091809962,0.769514770868293,0.904434990599386
1978-06-01T00:00:00Z,0.620941484046491,0.762366576348778,0.904369591680428
1978-07-01T00:00:00Z,0.620896373282149,0.764544202194113,0.908142639757492
1978-08-01T00:00:00Z,0.6167559495922,0.763642650445011,0.911192975162464
1978-09-01T00:00:00Z,0.62060535559277,0.768044005062472,0.915427573947855
1978-10-01T00:00:00Z,0.626145101743769,0.776364867308276,0.92133460083477
1978-11-01T00:00:00Z,0.636503194206745,0.785507828170344,0.928645368580441
1978-12-01T00:00:00Z,0.641447223309701,0.789636075567651,0.930936348618342
1979-01-01T00:00:00Z,0.660722755576827,0.80517025224253,0.938298836423346
1979-02-01T00:00:00Z,0.674732240316124,0.817853291402231,0.946373309046082
1979-03-01T00:00:00Z,0.695037350631218,0.835086913420924,0.957597081070482
1979-04-01T00:00:00Z,0.736919487546818,0.862977283739141,0.972252779094951
1979-05-01T00:00:00Z,0.732798926976593,0.867612854808203,0.983113412433178
1979-06-01T00:00:00Z,0.721526753327703,0.865290746871935,0.989375233215836
1979-07-01T00:00:00Z,0.728602088586364,0.873922691206972,0.999163494332934
1979-08-01T00:00:00Z,0.745022704572023,0.891860385429239,1.0142667854395
1979-09-01T00:00:00Z,0.758989445438,0.911710685236532,1.03361718972757
1979-10-01T00:00:00Z,0.774100627274849,0.93635022333578,1.05650308873576
1979-11-01T00:00:00Z,0.787012375917163,0.955217231747634,1.07349669909372
1979-12-01T00:00:00Z,0.804709393240463,0.977596860172348,1.09102983430881
1980-01-01T00:00:00Z,0.845829661934837,1.01758664136162,1.1138382998557
1980-02-01T00:00:00Z,0.893456695303982,1.06667082543679,1.14397122326131
1980-03-01T00:00:00Z,0.949345356883465,1.12095553592003,1.17585031183874
1980-04-01T00:00:00Z,1.00035415109006,1.17452247401702,1.20604489903353
1980-05-01T00:00:00Z,0.987999455936406,1.16929918669914,1.20747665760231
1980-06-01T00:00:00Z,0.955605770145718,1.13819671283921,1.18898888493642
1980-07-01T00:00:00Z,0.945087451317086,1.12114709135012,1.176700265089
1980-08-01T00:00:00Z,0.931077507865735,1.10422103461537,1.16731718707743
1980-09-01T00:00:00Z,0.90997844770458,1.08123560163828,1.15510230591434
1980-10-01T00:00:00Z,0.89640742166108,1.06707351699196,1.14857787217016
1980-11-01T00:00:00Z,0.885364832304886,1.06006569309414,1.14824462553038
1980-12-01T00:00:00Z,0.884303911768011,1.06142249315802,1.1521454115089
1981-01-01T00:00:00Z,0.879880659435944,1.05948106963826,1.15436916370608
1981-02-01T00:00:00Z,0.875008132591413,1.05594710657901,1.1540125073789
1981-03-01T00:00:00Z,0.863244770955614,1.0431259330402,1.14424260884617
1981-04-01T00:00:00Z,0.863384273075736,1.04016728137888,1.14170676649658
1981-05-01T00:00:00Z,0.861553562075914,1.03884800793698,1.14155765943318
1981-06-01T00:00:00Z,0.863418481599871,1.04080952678322,1.14371664140987
1981-07-01T00:00:00Z,0.858756656654845,1.03312206441677,1.13443586472533
1981-08-01T00:00:00Z,0.854819144611717,1.03010828665648,1.12910570383534
1981-09-01T00:00:00Z,0.867325407815432,1.03819338151534,1.12814650401175
1981-10-01T00:00:00Z,0.860138772015327,1.03246546861573,1.1223172584571
1981-11-01T00:00:00Z,0.855292064855165,1.03028587022456,1.11967338840032
1981-12-01T00:00:00Z,0.86003861537308,1.02748927148363,1.11057062192315
1982-01-01T00:00:00Z,0.881356789908979,1.03747918876036,1.10747643918703
1982-02-01T00:00:00Z,0.885086471069369,1.03815829142755,1.10468114526301
1982-03-01T00:00:00Z,0.848520719687008,1.01312263011398,1.09566063038041
1982-04-01T00:00:00Z,0.8336272909567,0.996804821670011,1.08808574863944
1982-05-01T00:00:00Z,0.827636183987565,0.987932930965572,1.08046089824198
1982-06-01T00:00:00Z,0.820552864664783,0.98085413101054,1.07571707685764
1982-07-01T00:00:00Z,0.811022857612321,0.971133073737991,1.06758223520661
1982-08-01T00:00:00Z,0.795544731917487,0.958337606749452,1.05727726982537
1982-09-01T00:00:00Z,0.785588946471501,0.946572220411833,1.04696454367164
1982-10-01T00:00:00Z,0.781021601620004,0.938331368774861,1.03695551139468
1982-11-01T00:00:00Z,0.769282681832605,0.921187288290723,1.0216616501444
1982-12-01T00:00:00Z,0.775130599149501,0.917366178990034,1.01162885835893
1983-01-01T00:00:00Z,0.789921214087325,0.921038460165445,1.00505924217322
1983-02-01T00:00:00Z,0.765215815569508,0.899833627198143,0.992305115971119
1983-03-01T00:00:00Z,0.743743402435182,0.879439202073159,0.980059065825726
1983-04-01T00:00:00Z,0.72744458751847,0.862746123639394,0.96996720732523
1983-05-01T00:00:00Z,0.700791879182232,0.838134736441294,0.956411638265851
1983-06-01T00:00:00Z,0.6914886981358,0.827406980550995,0.949510039471502
1983-07-01T00:00:00Z,0.681720133843519,0.816094339370119,0.941089348291118
1983-08-01T00:00:00Z,0.672494544032396,0.806337573302204,0.934685060761755
1983-09-01T00:00:00Z,0.672996189784002,0.803530984926644,0.931116423355667
1983-10-01T00:00:00Z,0.654085462591763,0.787988088373178,0.922691204187808
1983-11-01T00:00:00Z,0.638878590426429,0.775674390798409,0.916887168142817
1983-12-01T00:00:00Z,0.643789732412675,0.777677118131026,0.915994028077845
1984-01-01T00:00:00Z,0.654361598263678,0.785495073001557,0.918485196720247
1984-02-01T00:00:00Z,0.653039703637266,0.785233487391356,0.918835942713028
1984-03-01T00:00:00Z,0.6366419250426,0.772917636343026,0.916384703348942
1984-04-01T00:00:00Z,0.625823683477432,0.764528041571638,0.914588465613732
1984-05-01T00:00:00Z,0.630650665887782,0.77017895050767,0.920346751995004
1984-06-01T00:00:00Z,0.629050561568737,0.770013642703597,0.922627864962634
1984-07-01T00:00:00Z,0.631401717544393,0.773005861951353,0.926662010584316
1984-08-01T00:00:00Z,0.635569247324711,0.777566661416568,0.930648278647676
1984-09-01T00:00:00Z,0.640406537602892,0.779270903368411,0.93108924168739
1984-10-01T00:00:00Z,0.644363655762494,0.782609288375554,0.935456340792615
1984-11-01T00:00:00Z,0.643301323882795,0.783678432615203,0.938303902423171
1984-12-01T00:00:00Z,0.643268663287075,0.784245678827852,0.938828746221382
1985-01-01T00:00:00Z,0.644024346674588,0.78504147384123,0.938436565781027
1985-02-01T00:00:00Z,0.644909660515181,0.785971457795953,0.939691320338378
1985-03-01T00:00:00Z,0.647638280616156,0.787757724149154,0.940468691732106
1985-04-01T00:00:00Z,0.652797903563174,0.790656941828131,0.941310499710991
1985-05-01T00:00:00Z,0.637705641557687,0.779190627186359,0.934532377195108
1985-06-01T00:00:00Z,0.630250954873885,0.772365349876549,0.929261406375798
1985-07-01T00:00:00Z,0.629509047251234,0.769556985582934,0.925035646975837
1985-08-01T00:00:00Z,0.624479403543088,0.766210915750263,0.921341860627917
1985-09-01T00:00:00Z,0.63308402952165,0.773117641976026,0.922001047447036
1985-10-01T00:00:00Z,0.639935050221559,0.781055974723441,0.927656546492949
1985-11-01T00:00:00Z,0.647615728206543,0.789166638650576,0.932849450283756
1985-12-01T00:00:00Z,0.660966031488842,0.802361561189901,0.942346621617465
1986-01-01T00:00:00Z,0.67636406577261,0.817333984463601,0.950496234192361
1986-02-01T00:00:00Z,0.698596030488647,0.838348963783725,0.961891169368768
1986-03-01T00:00:00Z,0.699948169003853,0.8387303809466,0.959540184493692
1986-04-01T00:00:00Z,0.686586802857384,0.828156429550811,0.953763437045659
1986-05-01T00:00:00Z,0.683112251321491,0.825134635353601,0.9506386371416
1986-06-01T00:00:00Z,0.676228594747902,0.816553359850781,0.94381405538868
1986-07-01T00:00:00Z,0.668128155286859,0.809021243549478,0.939045750580088
1986-08-01T00:00:00Z,0.663688816916623,0.804492517194415,0.93574785521139
1986-09-01T00:00:00Z,0.667404547570655,0.805014737989011,0.931395497069974
1986-10-01T00:00:00Z,0.66338705092188,0.800246603756262,0.927698515582257
1986-11-01T00:00:00Z,0.667868609756943,0.803642416018121,0.929298360136964
1986-12-01T00:00:00Z,0.684208742339553,0.818461278976704,0.93903504476399
1987-01-01T00:00:00Z,0.693915468038659,0.827768855386088,0.943612677317093
1987-02-01T00:00:00Z,0.678848704483161,0.814184185417757,0.937892612198682
1987-03-01T00:00:00Z,0.653869842819675,0.792046253308347,0.926868374216789
1987-04-01T00:00:00Z,0.645511640434395,0.781747966855679,0.920329348604313
1987-05-01T00:00:00Z,0.629514453590182,0.768569947353711,0.91399634011905
1987-06-01T00:00:00Z,0.619098042813888,0.761062476349382,0.910693404953628
1987-07-01T00:00:00Z,0.615823135873606,0.75890869708183,0.909331887617396
1987-08-01T00:00:00Z,0.621483320787426,0.763973931953143,0.911791305159704
1987-09-01T00:00:00Z,0.632741927712283,0.773875581836803,0.91595089268994
1987-10-01T00:00:00Z,0.649556179116573,0.789884866417483,0.922586325871848
1987-11-01T00:00:00Z,0.642554881570738,0.786637380342523,0.926114529819954
1987-12-01T00:00:00Z,0.639463456428275,0.780240930665084,0.922882346037602
1988-01-01T00:00:00Z,0.632249787524535,0.774237276882018,0.920945469595763
1988-02-01T00:00:00Z,0.617240927049194,0.76092180151756,0.914258061775249
1988-03-01T00:00:00Z,0.60194509176913,0.746704380546066,0.907601800165342
1988-04-01T00:00:00Z,0.595883618043153,0.740008373863644,0.904579126283482
1988-05-01T00:00:00Z,0.589119717208555,0.731708576512859,0.899347685613457
1988-06-01T00:00:00Z,0.587704339497537,0.729380872220402,0.897340717569882
1988-07-01T00:00:00Z,0.586999317110705,0.725654189168455,0.893286731292436
1988-08-01T00:00:00Z,0.586252310704633,0.723870254738454,0.891483150180035
1988-09-01T00:00:00Z,0.588866030770024,0.725052908855768,0.891043785409354
1988-10-01T00:00:00Z,0.590411964601504,0.72701008587736,0.892215581400301
1988-11-01T00:00:00Z,0.595511436744853,0.732526670466198,0.894657624343267
1988-12-01T00:00:00Z,0.612018264780464,0.745917089939446,0.899546425683086
1989-01-01T00:00:00Z,0.638467838450663,0.765244897309593,0.903792685671346
1989-02-01T00:00:00Z,0.642275526322688,0.769869579853227,0.907026571459981
1989-03-01T00:00:00Z,0.638491799268928,0.769342265796854,0.909962306007403
1989-04-01T00:00:00Z,0.636920836069892,0.771561192174986,0.913811154654758
1989-05-01T00:00:00Z,0.643989271672289,0.778704175161446,0.920144416227131
1989-06-01T00:00:00Z,0.638092304406007,0.775809723007528,0.919961923715333
1989-07-01T00:00:00Z,0.640670926630134,0.776455326592504,0.91906013029473
1989-08-01T00:00:00Z,0.638877004135857,0.775327673191311,0.917119676151616
1989-09-01T00:00:00Z,0.623529364659405,0.763348520306077,0.909898979325537
1989-10-01T00:00:00Z,0.622832334444981,0.761603827310834,0.905546033349865
1989-11-01T00:00:00Z,0.62797059938245,0.765282236034256,0.905534322956388
1989-12-01T00:00:00Z,0.653279985214601,0.784244976793482,0.911798111614123
1990-01-01T00:00:00Z,0.687255830291621,0.810753241932891,0.922438882649992
1990-02-01T00:00:00Z,0.67626735902387,0.807860992287522,0.924212723461541
1990-03-01T00:00:00Z,0.663974268945713,0.799644191306299,0.922559790835959
1990-04-01T00:00:00Z,0.660538441253419,0.796606577571714,0.921216123507575
1990-05-01T00:00:00Z,0.657049884812406,0.7939869678615,0.919910865124117
1990-06-01T00:00:00Z,0.654140254040649,0.794234285985397,0.923235528146294
1990-07-01T00:00:00Z,0.66182267573953,0.803818166120525,0.931133397669857
1990-08-01T00:00:00Z,0.677834346925043,0.820114378857933,0.940735024161988
1990-09-01T00:00:00Z,0.669898016177888,0.814187393204802,0.939149477030352
1990-10-01T00:00:00Z,0.679338944313204,0.819885952896664,0.941739392220643
1990-11-01T00:00:00Z,0.690864918599157,0.83113232225254,0.946735307412274
1990-12-01T00:00:00Z,0.689566119185216,0.828628957691529,0.945137107702694
1991-01-01T00:00:00Z,0.689267828771633,0.826313650029767,0.942751413590958
1991-02-01T00:00:00Z,0.676882238959397,0.815336151009226,0.938096449791931
1991-03-01T00:00:00Z,0.657204922935837,0.79559415269568,0.927850593510502
1991-04-01T00:00:00Z,0.644607081851545,0.77898932701043,0.914889940073414
1991-05-01T00:00:00Z,0.631115857413479,0.762805743863065,0.902220813509784
1991-06-01T00:00:00Z,0.62297759712518,0.751391314255873,0.893669324838721
1991-07-01T00:00:00Z,0.606281896096286,0.737519847592341,0.886588097057669
1991-08-01T00:00:00Z,0.594367953394012,0.728247217049117,0.882641027357261
1991-09-01T00:00:00Z,0.59181731900633,0.724252805485192,0.879363010408293
1991-10-01T00:00:00Z,0.583656428827909,0.720723739940182,0.880263081554208
1991-11-01T00:00:00Z,0.582942391969,0.722986343293975,0.882808079834698
1991-12-01T00:00:00Z,0.591073060548361,0.729481875200986,0.885914867385561
1992-01-01T00:00:00Z,0.593746276213374,0.73143012435922,0.886236125473425
1992-02-01T00:00:00Z,0.59416846323801,0.731119611716632,0.88616335817713
1992-03-01T00:00:00Z,0.587291706673878,0.72455315941517,0.883689821129696
1992-04-01T00:00:00Z,0.587962632741389,0.722538353682038,0.880551616144293
1992-05-01T00:00:00Z,0.579817258990683,0.714028442193523,0.874668877103733
1992-06-01T00:00:00Z,0.578247831414099,0.711730519469774,0.872757533804809
1992-07-01T00:00:00Z,0.580130263252605,0.711729093484599,0.872963818616218
1992-08-01T00:00:00Z,0.578835889248792,0.709710568539777,0.87089798136129
1992-09-01T00:00:00Z,0.58521511052107,0.713898022947618,0.872458232878405
1992-10-01T00:00:00Z,0.592055751350305,0.718736133848863,0.875094393178663
1992-11-01T00:00:00Z,0.586113714495777,0.71316143485428,0.872360857838703
1992-12-01T00:00:00Z,0.597122523699932,0.713167028013095,0.867799644778538
1993-01-01T00:00:00Z,0.598571528200862,0.713086428504327,0.864877263631125
1993-02-01T00:00:00Z,0.584020148388562,0.707720012156789,0.8633589818646
1993-03-01T00:00:00Z,0.579051413366064,0.704354355865072,0.860624869971742
1993-04-01T00:00:00Z,0.572801305867668,0.69891145087672,0.856324910302327
1993-05-01T00:00:00Z,0.5658265751574,0.692367079660532,0.851281767073849
1993-06-01T00:00:00Z,0.555459886918253,0.684094103843345,0.848034757247221
1993-07-01T00:00:00Z,0.546247323808009,0.676934630369567,0.845902928659897
1993-08-01T00:00:00Z,0.546696666118919,0.677471917827501,0.847670068067054
1993-09-01T00:00:00Z,0.553315623923387,0.681559286752933,0.849789604440306
1993-10-01T00:00:00Z,0.559621915217216,0.687278945207726,0.853640754464585
1993-11-01T00:00:00Z,0.559432078772661,0.687789196152071,0.85529588016613
1993-12-01T00:00:00Z,0.583594788830121,0.701276789559794,0.859447540468048
1994-01-01T00:00:00Z,0.591897480525069,0.710411286182882,0.8650533148759
1994-02-01T00:00:00Z,0.585510543147501,0.711244779445536,0.868712765875556
1994-03-01T00:00:00Z,0.581725933080584,0.711784745718422,0.872322143965811
1994-04-01T00:00:00Z,0.567796819018543,0.702292157141798,0.869689626628693
1994-05-01T00:00:00Z,0.562578313824853,0.697657284682742,0.866645640544523
1994-06-01T00:00:00Z,0.556762523214326,0.691966764121384,0.862510316763503
1994-07-01T00:00:00Z,0.555014059124875,0.690969769786912,0.862044525833391
1994-08-01T00:00:00Z,0.55426709664765,0.690784200315172,0.863179420279288
1994-09-01T00:00:00Z,0.556456606256029,0.692098393659661,0.863973567095334
1994-10-01T00:00:00Z,0.55920543481051,0.694478649156082,0.865879549241055
1994-11-01T00:00:00Z,0.556749194446161,0.693806016321472,0.866571205142446
1994-12-01T00:00:00Z,0.563749370822991,0.699706117377113,0.870160470472618
1995-01-01T00:00:00Z,0.567435938923232,0.703495958741781,0.872534503723985
1995-02-01T00:00:00Z,0.577192912769021,0.710814414694128,0.875047155011623
1995-03-01T00:00:00Z,0.577762849235886,0.709274743738723,0.873730538770501
1995-04-01T00:00:00Z,0.580328860883244,0.709978283603989,0.873475993734805
1995-05-01T00:00:00Z,0.57777732919867,0.709100681695904,0.872075149956256
1995-06-01T00:00:00Z,0.568466292993541,0.702433652885841,0.869896994519423
1995-07-01T00:00:00Z,0.565438758056363,0.699424239438746,0.867320350659323
1995-08-01T00:00:00Z,0.56572137799950994,0.699669477165456,0.866957782226714
1995-09-01T00:00:00Z,0.5582483458711,0.695192377829829,0.864715997921214
1995-10-01T00:00:00Z,0.560740973313295,0.697933263883817,0.864649498334942
1995-11-01T00:00:00Z,0.571077074200942,0.706428928233342,0.867287126583584
1995-12-01T00:00:00Z,0.582149489567144,0.715839920308122,0.871353134305951
1996-01-01T00:00:00Z,0.604750579198723,0.733447733892407,0.87932943868345
1996-02-01T00:00:00Z,0.615304881056365,0.740779818568483,0.882598683764251
1996-03-01T00:00:00Z,0.603550362650542,0.732936690543157,0.879961585732631
1996-04-01T00:00:00Z,0.587951854795019,0.720084552489047,0.873369673502127
1996-05-01T00:00:00Z,0.57540474202853,0.710087060800359,0.868909618373925
1996-06-01T00:00:00Z,0.568165916013885,0.703749000179003,0.864345078140619
1996-07-01T00:00:00Z,0.564542311667731,0.700293991211932,0.861168117905841
1996-08-01T00:00:00Z,0.561038913108909,0.696134751477761,0.858329848790143
1996-09-01T00:00:00Z,0.557408138926922,0.692846176329484,0.857772165946052
1996-10-01T00:00:00Z,0.55829733255272,0.693039367670349,0.85829325508252
1996-11-01T00:00:00Z,0.557507169050648,0.692858619524146,0.859743375883573
1996-12-01T00:00:00Z,0.55911638403986,0.69377594308168,0.859641126696245
1997-01-01T00:00:00Z,0.560907917483015,0.695271621201723,0.860051843117136
1997-02-01T00:00:00Z,0.564519177702849,0.698606811551686,0.861796825614379
1997-03-01T00:00:00Z,0.561950582599862,0.696594501690474,0.85925087049567
1997-04-01T00:00:00Z,0.564955058312036,0.697388848504552,0.857421283498646
1997-05-01T00:00:00Z,0.560181418302031,0.695069154042311,0.857234101968281
1997-06-01T00:00:00Z,0.558659903243579,0.692790115155466,0.856314649845574
1997-07-01T00:00:00Z,0.563399517096159,0.696161773222816,0.856662910821846
1997-08-01T00:00:00Z,0.572399087026501,0.701472434401256,0.857334626539142
1997-09-01T00:00:00Z,0.566651753744717,0.697306352093865,0.855799047561909
1997-10-01T00:00:00Z,0.567329401737407,0.698128160583975,0.856373074019517
1997-11-01T00:00:00Z,0.571294914321027,0.701807848556521,0.859496859980369
1997-12-01T00:00:00Z,0.575039193836731,0.706469262064564,0.86255846292737
1998-01-01T00:00:00Z,0.580299509895338,0.710500079699369,0.863029989995723
1998-02-01T00:00:00Z,0.578823632350519,0.710361554072402,0.861918501056096
1998-03-01T00:00:00Z,0.580301833403191,0.712189459458084,0.863339741139419
1998-04-01T00:00:00Z,0.587590382964742,0.719363079640413,0.868076775186023
1998-05-01T00:00:00Z,0.593507484113761,0.727312775689393,0.873550078760965
1998-06-01T00:00:00Z,0.60736555579932,0.74018364394725,0.882188238911943
1998-07-01T00:00:00Z,0.616635347267652,0.752088767613825,0.891826135835699
1998-08-01T00:00:00Z,0.635373073290509,0.771483984075126,0.905162297104067
1998-09-01T00:00:00Z,0.628005563829112,0.770268099389375,0.912480965139676
1998-10-01T00:00:00Z,0.619499079507486,0.761732243206157,0.909787536415445
1998-11-01T00:00:00Z,0.611316289392769,0.754017011019721,0.905920762467061
1998-12-01T00:00:00Z,0.610104281451374,0.751197154350444,0.903068244483001
1999-01-01T00:00:00Z,0.6116721967357,0.752032749552874,0.902587540186893
1999-02-01T00:00:00Z,0.613209093795384,0.753535105866764,0.902075072749933
1999-03-01T00:00:00Z,0.611950374917822,0.754400160786958,0.903665078115888
1999-04-01T00:00:00Z,0.611674017671653,0.756511555846227,0.904819430576031
1999-05-01T00:00:00Z,0.607576169261961,0.75423969199889,0.90513911408833
1999-06-01T00:00:00Z,0.603882806638034,0.749776970990671,0.903855009636399
1999-07-01T00:00:00Z,0.599563157127466,0.746192512627784,0.903482193195835
1999-08-01T00:00:00Z,0.600006845288065,0.746627225442518,0.904524156651222
1999-09-01T00:00:00Z,0.606078366530283,0.751239431653778,0.907931605754676
1999-10-01T00:00:00Z,0.618280389986004,0.761734296124593,0.914414151215497
1999-11-01T00:00:00Z,0.6243158753834,0.766286638601453,0.915036714426249
1999-12-01T00:00:00Z,0.639696367095523,0.777495857587255,0.917709282146244
2000-01-01T00:00:00Z,0.658582542389282,0.792854567224853,0.922647769606262
2000-02-01T00:00:00Z,0.663847877792648,0.802164627757705,0.928257822075237
2000-03-01T00:00:00Z,0.672962404440705,0.81188484731326,0.934443864289575
2000-04-01T00:00:00Z,0.690612299010257,0.829666258635122,0.945164121524402
2000-05-01T00:00:00Z,0.705029033678546,0.84001582579278,0.951230995809423
2000-06-01T00:00:00Z,0.705670073415006,0.839531283032544,0.950014048101264
2000-07-01T00:00:00Z,0.692799689398636,0.830099207435594,0.945527646230807
2000-08-01T00:00:00Z,0.686560946616327,0.825204438256976,0.942820338741854
2000-09-01T00:00:00Z,0.68862831352153,0.828466145458514,0.944840538050871
2000-10-01T00:00:00Z,0.687474930230642,0.827463268246248,0.944351350554881
2000-11-01T00:00:00Z,0.688532191954556,0.829292987996931,0.946235286661387
2000-12-01T00:00:00Z,0.701480707086213,0.842160474356681,0.954951289328184
2001-01-01T00:00:00Z,0.708694621172734,0.84892124044745,0.957681293354725
2001-02-01T00:00:00Z,0.70395121847804,0.843847137715193,0.951711326319118
2001-03-01T00:00:00Z,0.702780092204979,0.842293967430933,0.949648678576871
2001-04-01T00:00:00Z,0.707899414525794,0.844091906171762,0.947314599352262
2001-05-01T00:00:00Z,0.706800311780594,0.842125675511387,0.94415239108519
2001-06-01T00:00:00Z,0.710367969141346,0.843906072747885,0.942747340719415
2001-07-01T00:00:00Z,0.721423394786775,0.852629140738186,0.944918818423388
2001-08-01T00:00:00Z,0.744206842554824,0.871940850985034,0.950731889887579
2001-09-01T00:00:00Z,0.784580682305819,0.906802035797297,0.961826293188595
2001-10-01T00:00:00Z,0.791558947248531,0.910241736981118,0.961178225393301
2001-11-01T00:00:00Z,0.76446790850211,0.883661990837648,0.948138006027861
2001-12-01T00:00:00Z,0.731950201097443,0.855748208173443,0.937116820857049
2002-01-01T00:00:00Z,0.712423757916722,0.836512093536136,0.927768905904909
2002-02-01T00:00:00Z,0.684094723836024,0.812178047650574,0.918564853333951
2002-03-01T00:00:00Z,0.666766842893657,0.79805249860987,0.914286111719975
2002-04-01T00:00:00Z,0.648413103825792,0.779884816816015,0.903671707226098
2002-05-01T00:00:00Z,0.631138304586073,0.765403466796762,0.896535779041664
2002-06-01T00:00:00Z,0.62890777991581,0.761833122465304,0.89359087929722
2002-07-01T00:00:00Z,0.62704389260522,0.760875441931384,0.893013382100019
2002-08-01T00:00:00Z,0.622611996674007,0.757320988530916,0.892031715164799
2002-09-01T00:00:00Z,0.622265328992293,0.75778923417458,0.893152976447062
2002-10-01T00:00:00Z,0.623758021475075,0.760295994037523,0.897304030206314
2002-11-01T00:00:00Z,0.631259083006073,0.76830658285664,0.904194539074688
2002-12-01T00:00:00Z,0.642435230077313,0.779224007631652,0.910992180491289
2003-01-01T00:00:00Z,0.65601863838146,0.792083308780428,0.917574692954042
2003-02-01T00:00:00Z,0.665468948403952,0.801761799330439,0.921642733449044
2003-03-01T00:00:00Z,0.667349098579732,0.807136017433582,0.926441699658474
2003-04-01T00:00:00Z,0.676900423629447,0.819100137158561,0.93395408054379
2003-05-01T00:00:00Z,0.661141101388013,0.804358694847537,0.928251127430461
2003-06-01T00:00:00Z,0.649605500680128,0.792438503976205,0.92243229850915
2003-07-01T00:00:00Z,0.650318761218816,0.789702314039667,0.918477778481453
2003-08-01T00:00:00Z,0.649110591527111,0.783437566707413,0.911188463163085
2003-09-01T00:00:00Z,0.652342918860359,0.781595806041138,0.906746780134354
2003-10-01T00:00:00Z,0.645359186269755,0.774203944624465,0.902456216260669
2003-11-01T00:00:00Z,0.632130721654796,0.760170418052253,0.894636438828961
2003-12-01T00:00:00Z,0.618511862898123,0.748498336153878,0.889356805302975
2004-01-01T00:00:00Z,0.616325251767424,0.746014422167865,0.887107794450759
2004-02-01T00:00:00Z,0.612987719115439,0.744255405091274,0.886715638874755
2004-03-01T00:00:00Z,0.615218823343153,0.746312147519375,0.889737745929631
2004-04-01T00:00:00Z,0.614801514843001,0.749568672189165,0.895294142173916
2004-05-01T00:00:00Z,0.621407644142948,0.756429142734952,0.900220472891004
2004-06-01T00:00:00Z,0.629052840756507,0.762963804743927,0.9039013359981
2004-07-01T00:00:00Z,0.620806991013824,0.756659179915875,0.899649659113635
2004-08-01T00:00:00Z,0.611239992004597,0.749621332887219,0.89554992582849
2004-09-01T00:00:00Z,0.6157990957633,0.753625689337822,0.896679824357044
2004-10-01T00:00:00Z,0.629059463433065,0.765458874195304,0.902296022207706
2004-11-01T00:00:00Z,0.642301183021827,0.775452303640733,0.907299417468923
2004-12-01T00:00:00Z,0.664377535263754,0.787423903761866,0.910386996095715
2005-01-01T00:00:00Z,0.671461086867056,0.792867154469007,0.911623355814165
2005-02-01T00:00:00Z,0.655231939165172,0.785211565023581,0.909322456000351
2005-03-01T00:00:00Z,0.648975498317645,0.782943025092804,0.910584978645793
2005-04-01T00:00:00Z,0.644850003595369,0.782227271696291,0.911689818607634
2005-05-01T00:00:00Z,0.649751053214383,0.789001243220364,0.915618593306614
2005-06-01T00:00:00Z,0.660259441725379,0.799326468694273,0.921104778425639
2005-07-01T00:00:00Z,0.67989089278077,0.816780720898636,0.927743686436454
2005-08-01T00:00:00Z,0.699775864881858,0.836021813296452,0.936354696037489
2005-09-01T00:00:00Z,0.739941151938155,0.869650129823858,0.949185262195085
2005-10-01T00:00:00Z,0.740880179346208,0.876541883531826,0.955574303724333
2005-11-01T00:00:00Z,0.727139167987104,0.865802615066561,0.949721438131138
2005-12-01T00:00:00Z,0.704455881323875,0.845472893151742,0.940603500981424
2006-01-01T00:00:00Z,0.699337929043642,0.838096724799273,0.93529663793384
2006-02-01T00:00:00Z,0.69048398976415,0.828666947336498,0.929970768183491
2006-03-01T00:00:00Z,0.673389705086947,0.813036434265047,0.922877504852635
2006-04-01T00:00:00Z,0.673368909938697,0.811400881967522,0.921485593123844
2006-05-01T00:00:00Z,0.6740522637547,0.810129306867514,0.920264692799133
2006-06-01T00:00:00Z,0.673112159097569,0.808637035340567,0.919054235313808
2006-07-01T00:00:00Z,0.669317817792337,0.805664534437982,0.917396804103377
2006-08-01T00:00:00Z,0.674052295059618,0.809943292604316,0.918479398436458
2006-09-01T00:00:00Z,0.68914114024087,0.824149358352074,0.92417398813429
2006-10-01T00:00:00Z,0.67562656488867,0.813083581873045,0.920233342278267
2006-11-01T00:00:00Z,0.664580896959249,0.803863044757788,0.917723169307224
2006-12-01T00:00:00Z,0.666074366528168,0.802465403755802,0.917877905962235
2007-01-01T00:00:00Z,0.669863657761422,0.802010001443569,0.917055732633559
2007-02-01T00:00:00Z,0.666733594090005,0.798644594031458,0.914654838654613
2007-03-01T00:00:00Z,0.662715862908948,0.791945208780168,0.909854508164857
2007-04-01T00:00:00Z,0.65448243921178,0.785258481886822,0.907879004630297
2007-05-01T00:00:00Z,0.641427852925644,0.777494598102247,0.907979849964484
2007-06-01T00:00:00Z,0.643699124867204,0.782059251391331,0.913898530766538
2007-07-01T00:00:00Z,0.655255675858052,0.794730921238778,0.922955417478069
2007-08-01T00:00:00Z,0.676046126949752,0.815162433692644,0.936079467047485
2007-09-01T00:00:00Z,0.687341661559434,0.826414206325967,0.943451803168855
2007-10-01T00:00:00Z,0.696733299642577,0.836465531582981,0.951426112434042
2007-11-01T00:00:00Z,0.715053252002582,0.856769114962606,0.965665474577898
2007-12-01T00:00:00Z,0.725073813810326,0.867848622654429,0.975709086539415
2008-01-01T00:00:00Z,0.729700019938263,0.874053987373049,0.982797634084878
2008-02-01T00:00:00Z,0.740889426497307,0.884541170018107,0.990486187979649
2008-03-01T00:00:00Z,0.74972779871672,0.892003592587184,0.994963126549591
2008-04-01T00:00:00Z,0.776412211406445,0.912256003786077,1.00305099145667
2008-05-01T00:00:00Z,0.810687690959344,0.939311207692011,1.01536545048597
2008-06-01T00:00:00Z,0.840779352100412,0.971613855692526,1.03149244387247
2008-07-01T00:00:00Z,0.880936926027537,1.0129031847131,1.05316874406558
2008-08-01T00:00:00Z,0.93906117893602,1.07478730025821,1.08519506880739
2008-09-01T00:00:00Z,1.00738474602508,1.14027068659037,1.11444410756711
2008-10-01T00:00:00Z,1.07411424423944,1.20940382178069,1.14517989461587
2008-11-01T00:00:00Z,1.06998456641222,1.21235742081585,1.147700985093
2008-12-01T00:00:00Z,1.05115595229789,1.19721490065338,1.14027885578747
2009-01-01T00:00:00Z,1.04029580945671,1.17889642428083,1.12896524074468
2009-02-01T00:00:00Z,1.00036591269968,1.14061102303776,1.10881642823651
2009-03-01T00:00:00Z,0.952647561408746,1.09649081874834,1.08897114179884
2009-04-01T00:00:00Z,0.92417441517491306,1.06280289629177,1.06848669597469
2009-05-01T00:00:00Z,0.902205135425835,1.0368421725904,1.05251022086843
2009-06-01T00:00:00Z,0.881393250552118,1.01530146644548,1.03765935510622
2009-07-01T00:00:00Z,0.855791499871062,0.985824443472576,1.02015182331342
2009-08-01T00:00:00Z,0.815588316095899,0.949027311319092,1.00077920475772
2009-09-01T00:00:00Z,0.786590450576442,0.920318590655276,0.984079937671228
2009-10-01T00:00:00Z,0.766918504882556,0.899914893609113,0.970812559908342
2009-11-01T00:00:00Z,0.75270548623713,0.883125956529296,0.960547538666977
2009-12-01T00:00:00Z,0.747055957874647,0.875889061917036,0.955675311699601
2010-01-01T00:00:00Z,0.74760670451883,0.873225334608588,0.952969248738873
2010-02-01T00:00:00Z,0.737414571316533,0.865779885425662,0.950050174429518
2010-03-01T00:00:00Z,0.725157880359649,0.852806601883739,0.944320188197645
2010-04-01T00:00:00Z,0.711728680487128,0.838374125266944,0.938377548958608
2010-05-01T00:00:00Z,0.705090118829656,0.830953329434531,0.935738138980939
2010-06-01T00:00:00Z,0.674941841558421,0.807896857593451,0.92610563075136
2010-07-01T00:00:00Z,0.658697336896501,0.793112600307673,0.916373417420434
2010-08-01T00:00:00Z,0.645009272053454,0.7807513727348,0.908231625049525
2010-09-01T00:00:00Z,0.637812972786286,0.774354737423236,0.904032933616101
2010-10-01T00:00:00Z,0.636774952233837,0.773163245371905,0.903804736414594
2010-11-01T00:00:00Z,0.633718954292759,0.768163093495733,0.900629725867668
2010-12-01T00:00:00Z,0.6498161666238,0.775468392706857,0.902078534631583
2011-01-01T00:00:00Z,0.649942867246273,0.775970913091978,0.900847292638033
2011-02-01T00:00:00Z,0.655290867269508,0.781523317615941,0.903215022059246
2011-03-01T00:00:00Z,0.65427977346686494,0.781212236126228,0.903473720875412
2011-04-01T00:00:00Z,0.653213678176716,0.779902676594266,0.902361237173181
2011-05-01T00:00:00Z,0.650042111553963,0.780157576047049,0.904137321412728
2011-06-01T00:00:00Z,0.649805526426155,0.780561425247066,0.903577640670761
2011-07-01T00:00:00Z,0.65604180736958,0.786797653017133,0.905986697392471
2011-08-01T00:00:00Z,0.658821589979774,0.791797500244404,0.909883406672746
2011-09-01T00:00:00Z,0.649383709008468,0.783844638015864,0.90621074681463
2011-10-01T00:00:00Z,0.641660274069117,0.776159178003815,0.901519902578348
2011-11-01T00:00:00Z,0.63103355774716,0.765509236756926,0.895998306325182
2011-12-01T00:00:00Z,0.624275177792725,0.757186285821156,0.889666316886395
2012-01-01T00:00:00Z,0.618461358477249,0.751037898580853,0.885051658430211
2012-02-01T00:00:00Z,0.6070031151507,0.7411523107795,0.880118322818869
2012-03-01T00:00:00Z,0.605698339422731,0.739268891783515,0.878177924675734
2012-04-01T00:00:00Z,0.59930646383675,0.73492124643507994,0.876655009923545
2012-05-01T00:00:00Z,0.601920531937954,0.737998279606436,0.87793099925140194
2012-06-01T00:00:00Z,0.60249973546384,0.737938316791404,0.877411634483217
2012-07-01T00:00:00Z,0.609326647729772,0.742843771211098,0.878936450665471
2012-08-01T00:00:00Z,0.617169720748761,0.750002780311986,0.88075601783648
2012-09-01T00:00:00Z,0.616201867246482,0.747169167162383,0.878170475272117
2012-10-01T00:00:00Z,0.617420520756483,0.745021452294998,0.875353037242659
2012-11-01T00:00:00Z,0.627473640999922,0.749144657074484,0.874835109243849
2012-12-01T00:00:00Z,0.636212228383379,0.751656454948165,0.875255067574408
2013-01-01T00:00:00Z,0.631593346191466,0.751163235593487,0.878075668296277
2013-02-01T00:00:00Z,0.618754068640113,0.747660162252271,0.879559654787412
2013-03-01T00:00:00Z,0.606446492802344,0.741714788955654,0.878824361542222
2013-04-01T00:00:00Z,0.587260555043055,0.723538341967423,0.871656410319488
2013-05-01T00:00:00Z,0.578113541481375,0.713900547002091,0.86705190154254
2013-06-01T00:00:00Z,0.572940768925618,0.707995371967363,0.864416243032973
2013-07-01T00:00:00Z,0.577760955076426,0.708859891963841,0.863664834334196
2013-08-01T00:00:00Z,0.570326859725232,0.703393461163689,0.861551223297169
2013-09-01T00:00:00Z,0.55860920574354,0.693801422366409,0.856019986334637
2013-10-01T00:00:00Z,0.562481436284052,0.69517964799597,0.854899237385518
2013-11-01T00:00:00Z,0.565766081617383,0.698255715935922,0.855389677066286
2013-12-01T00:00:00Z,0.572142672324169,0.702177502366421,0.856178008981526
2014-01-01T00:00:00Z,0.582209545298733,0.707297586389526,0.85648570486862
2014-02-01T00:00:00Z,0.580180242441227,0.706161822017158,0.855520273778224
2014-03-01T00:00:00Z,0.568518166801491,0.69752244621381,0.851400786635676
2014-04-01T00:00:00Z,0.559448319327633,0.69068727508106,0.848326143738054
2014-05-01T00:00:00Z,0.55414191026165,0.687612509018555,0.847999670311103
2014-06-01T00:00:00Z,0.555259199898971,0.689982588892291,0.850271862454057
2014-07-01T00:00:00Z,0.568721187654756,0.702262292756599,0.857267343617599
2014-08-01T00:00:00Z,0.581127349632293,0.71524525042553,0.866346928116201
2014-09-01T00:00:00Z,0.591719908769096,0.727158137258931,0.874528306999337
2014-10-01T00:00:00Z,0.608670192390865,0.74369338910876,0.884572012598456
2014-11-01T00:00:00Z,0.631781118060203,0.765173285761213,0.897093588169966
2014-12-01T00:00:00Z,0.65356320731247,0.787755549407339,0.910668299302692
2015-01-01T00:00:00Z,0.672688375335078,0.807150367180441,0.922175828959067
2015-02-01T00:00:00Z,0.68561825028813,0.822084908336667,0.931084122492503
2015-03-01T00:00:00Z,0.686814348001713,0.82140806495145,0.93022430251607
2015-04-01T00:00:00Z,0.679944469521302,0.814365036498436,0.928344469245173
2015-05-01T00:00:00Z,0.670004844528473,0.806640102629032,0.925696701821095
2015-06-01T00:00:00Z,0.653115318583081,0.790903636708425,0.917834366133618
2015-07-01T00:00:00Z,0.644996328294743,0.78426226061073,0.91524575002487
2015-08-01T00:00:00Z,0.64055019296327,0.7811709948851,0.912777243760609
2015-09-01T00:00:00Z,0.647830349600973,0.786065040664583,0.91212236983357
2015-10-01T00:00:00Z,0.647259478086625,0.786004874006557,0.910291323090626
2015-11-01T00:00:00Z,0.659486000534259,0.793385281694261,0.911721308560717
2015-12-01T00:00:00Z,0.675916800077836,0.802198884312028,0.912835096619528
2016-01-01T00:00:00Z,0.668086834713614,0.798465326858665,0.912583086020558
2016-02-01T00:00:00Z,0.660523748557381,0.791331538974229,0.911159191670044
2016-03-01T00:00:00Z,0.649329162544686,0.783397772602117,0.908957383824127
2016-04-01T00:00:00Z,0.631157101007687,0.766131727787228,0.899875811497862
2016-05-01T00:00:00Z,0.616003901477279,0.752470748719814,0.89430071499778
2016-06-01T00:00:00Z,0.604299677779578,0.743821736447095,0.891655316394756
2016-07-01T00:00:00Z,0.600454667204921,0.742920269775875,0.893989783856854
2016-08-01T00:00:00Z,0.598153467872769,0.739613680755898,0.89133483202572406
2016-09-01T00:00:00Z,0.594067584434945,0.735940779273886,0.890201511335966
2016-10-01T00:00:00Z,0.598193827040464,0.739970320545351,0.89365087180551
2016-11-01T00:00:00Z,0.609506260340392,0.750258689387285,0.899652247956311
2016-12-01T00:00:00Z,0.617164674176514,0.755468420035653,0.901949615553576
2017-01-01T00:00:00Z,0.619016734236571,0.75568110496001,0.8995772894846
2017-02-01T00:00:00Z,0.622248450371094,0.757476930916469,0.898318082833105
2017-03-01T00:00:00Z,0.621697154686383,0.756344088695659,0.898096407608109
2017-04-01T00:00:00Z,0.618833669330508,0.753578359336176,0.896546792325516
2017-05-01T00:00:00Z,0.610268912136459,0.747631384550919,0.894345357200667
2017-06-01T00:00:00Z,0.603379541124487,0.741672028521621,0.890747889419861
2017-07-01T00:00:00Z,0.601981487300175,0.739487509284619,0.888062034610161
2017-08-01T00:00:00Z,0.606053802907816,0.743870091433641,0.888922280409762
2017-09-01T00:00:00Z,0.616802641476935,0.752314649678714,0.891365994956598
2017-10-01T00:00:00Z,0.620281012214357,0.755085042884166,0.89330919319773
2017-11-01T00:00:00Z,0.614115390273347,0.752065915465441,0.894041338349668
2017-12-01T00:00:00Z,0.615283158628171,0.75366534829019,0.896053522448416
2018-01-01T00:00:00Z,0.623008982651394,0.760066647089578,0.900051651376521
2018-02-01T00:00:00Z,0.627964210935537,0.763809782184892,0.903062228484107
2018-03-01T00:00:00Z,0.622069033854432,0.757786443745802,0.89913525874956
2018-04-01T00:00:00Z,0.622335540510788,0.754203958486154,0.894959584062026
2018-05-01T00:00:00Z,0.623189757802285,0.75322576208727,0.893924300510935
2018-06-01T00:00:00Z,0.605797606690393,0.74214477768928,0.890365075148372
2018-07-01T00:00:00Z,0.593347323198867,0.734387618902851,0.887513964162014
2018-08-01T00:00:00Z,0.590744137103572,0.733877001479951,0.888148277946843
2018-09-01T00:00:00Z,0.594197869600198,0.738987660698833,0.891309182711488
2018-10-01T00:00:00Z,0.604253286746125,0.749842924678173,0.897504659692034
2018-11-01T00:00:00Z,0.622378067031105,0.766048142342378,0.90738895175155
2018-12-01T00:00:00Z,0.637972327450621,0.779171125690176,0.913803282723437
